event_ticker,series,city,date,n_bins,official_high,forecast_high,mu,sigma,spread,n_errors,brier_model,logloss_model,included,max_spread,brier_market,logloss_market
KXHIGHAUS-26MAY17,KXHIGHAUS,Austin (Camp Mabry),2026-05-17,6,89.0,88.7,88.7,3.0,,0,0.8188871920088965,1.377043892735945,True,0.050000000000000044,0.4643822125703897,0.8506535682341759
KXHIGHCHI-26MAY17,KXHIGHCHI,Chicago (Midway),2026-05-17,6,87.0,87.3,87.3,3.0,,0,0.6867466594194169,1.3770438927359447,True,0.030000000000000027,0.5804978854286813,1.0276605526958251
KXHIGHDEN-26MAY17,KXHIGHDEN,Denver (Intl Airport),2026-05-17,6,68.0,69.5,69.5,3.0,,0,0.7752180642171613,1.55691146899851,True,0.08999999999999997,0.8386501736111112,1.1466215078544704
KXHIGHLAX-26MAY17,KXHIGHLAX,Los Angeles (LAX),2026-05-17,6,71.0,71.2,71.2,3.0,,0,0.7004693897025911,1.3690145158125546,True,0.020000000000000018,0.4779172243125173,0.8159680102462858
KXHIGHMIA-26MAY17,KXHIGHMIA,Miami (Intl Airport),2026-05-17,6,87.0,86.8,86.8,3.0,,0,0.6829438663814577,1.3690145158125548,True,0.04999999999999999,0.5248444036322825,0.8574502318512217
KXHIGHNY-26MAY17,KXHIGHNY,New York (Central Park),2026-05-17,6,87.0,89.9,89.9,3.0,,0,0.9066521405483047,1.6511350733484007,True,0.07999999999999996,0.49759637188208616,0.892760234463961
KXHIGHAUS-26MAY18,KXHIGHAUS,Austin (Camp Mabry),2026-05-18,6,92.0,90.8,90.82727272727273,2.861569502043642,,1,0.7841365960035142,1.461365826922703,True,0.07,0.6640946502057613,1.0848189665357735
KXHIGHCHI-26MAY18,KXHIGHCHI,Chicago (Midway),2026-05-18,6,80.0,80.1,80.07272727272726,2.861569502043642,,1,0.14098609438915657,0.3695716984244485,True,0.050000000000000044,0.22576135522600815,0.4564828824498889
KXHIGHDEN-26MAY18,KXHIGHDEN,Denver (Intl Airport),2026-05-18,6,44.0,50.5,50.36363636363637,2.8897861533374813,,1,0.508969888516254,0.9609635925330174,True,0.10000000000000009,0.044499822000712015,0.18610227963386075
KXHIGHLAX-26MAY18,KXHIGHLAX,Los Angeles (LAX),2026-05-18,6,71.0,70.3,70.28181818181818,2.860913043247171,,1,0.7278080891779957,1.3841538728540956,True,0.03,0.48421151852200955,0.8392397990574413
KXHIGHMIA-26MAY18,KXHIGHMIA,Miami (Intl Airport),2026-05-18,6,87.0,85.3,85.31818181818181,2.860913043247171,,1,0.7239753397460922,1.3790358095178283,True,0.039999999999999994,0.5935889597344746,0.9839493803479696
KXHIGHNY-26MAY18,KXHIGHNY,New York (Central Park),2026-05-18,6,88.0,86.7,86.43636363636364,2.9687832405509855,,1,0.09846034126574343,0.2972243834816951,True,0.020000000000000018,0.01315246669416877,0.09827022143280183
KXHIGHAUS-26MAY19,KXHIGHAUS,Austin (Camp Mabry),2026-05-19,6,92.0,90.6,90.725,2.756601923866895,,2,0.7418373686547118,1.4599211692847116,True,0.04000000000000001,1.0434065416156095,2.1498223384416355
KXHIGHCHI-26MAY19,KXHIGHCHI,Chicago (Midway),2026-05-19,6,79.0,77.1,77.06666666666666,2.7397620875353934,,2,0.8994029490758372,1.3865549627255929,True,0.03,0.49799262152777773,0.9136899501740978
KXHIGHDEN-26MAY19,KXHIGHDEN,Denver (Intl Airport),2026-05-19,6,51.0,47.6,46.93333333333334,3.2238980316564785,,2,1.0153091947652384,2.3839912012581084,True,0.03,1.097641163139583,2.6112003751122925
KXHIGHLAX-26MAY19,KXHIGHLAX,Los Angeles (LAX),2026-05-19,6,75.0,70.8,70.84166666666667,2.74608517644597,,2,1.1743833720820531,2.634952625526775,True,0.020000000000000018,0.820649256692105,1.3814750746839417
KXHIGHMIA-26MAY19,KXHIGHMIA,Miami (Intl Airport),2026-05-19,6,87.0,82.4,82.55833333333334,2.7745641132470733,,2,1.2483913087687033,2.2342772936908086,True,0.020000000000000018,0.36691014098861896,0.7080357930536958
KXHIGHNY-26MAY19,KXHIGHNY,New York (Central Park),2026-05-19,6,93.0,97.1,96.96666666666665,2.8825464565335412,,2,1.1257442464056095,1.9991459782754195,True,0.020000000000000018,0.605678077275315,1.0266387890430206
KXHIGHAUS-26MAY20,KXHIGHAUS,Austin (Camp Mabry),2026-05-20,6,85.0,85.3,85.52307692307691,2.6652383900735246,,3,0.6642969175278829,1.2996118555888136,True,0.04000000000000001,0.6939646458974417,1.2409842693027548
KXHIGHCHI-26MAY20,KXHIGHCHI,Chicago (Midway),2026-05-20,6,61.0,57.4,57.51538461538461,2.6804676254232573,,3,1.0674001227248497,2.289835657761398,True,0.010000000000000009,0.01406724830898931,0.10977066613537899
KXHIGHDEN-26MAY20,KXHIGHDEN,Denver (Intl Airport),2026-05-20,6,58.0,54.8,54.44615384615384,3.318714263158487,,3,1.031150414282846,2.1642453850176326,True,0.03,0.6619194388351578,1.2605249738308573
KXHIGHLAX-26MAY20,KXHIGHLAX,Los Angeles (LAX),2026-05-20,6,77.0,80.0,80.36153846153846,2.844206914455217,,3,0.012480238217376198,0.09132804543811669,True,0.010000000000000009,0.13549816193797717,0.33744358201084473
KXHIGHMIA-26MAY20,KXHIGHMIA,Miami (Intl Airport),2026-05-20,6,88.0,85.8,86.3,2.8868401676999977,,3,0.7941068359791715,1.5847712604471758,True,0.030000000000000027,0.3894294935572326,0.6980854622005278
KXHIGHNY-26MAY20,KXHIGHNY,New York (Central Park),2026-05-20,6,92.0,94.2,93.76153846153846,2.9415888436179496,,3,0.8021929424732483,1.6082073601519868,True,0.03999999999999998,0.4009977324263038,0.7519876805828786
KXHIGHAUS-26MAY21,KXHIGHAUS,Austin (Camp Mabry),2026-05-21,6,83.0,78.9,79.08571428571429,2.5739386841675596,,4,1.0739766108267035,2.5952268099789184,True,0.07999999999999999,0.7900053399786399,1.367602228107738
KXHIGHCHI-26MAY21,KXHIGHCHI,Chicago (Midway),2026-05-21,6,61.0,61.3,61.66428571428571,2.7187852072047645,,4,0.6804387286472249,1.3359576495995436,True,0.11000000000000001,0.5254052238179223,0.9932517730102834
KXHIGHDEN-26MAY21,KXHIGHDEN,Denver (Intl Airport),2026-05-21,6,73.0,72.4,72.30000000000001,3.3387337206106835,,4,0.024775364282436325,0.13642433023470188,True,0.06999999999999998,0.3028560656046754,0.6183459674772471
KXHIGHLAX-26MAY21,KXHIGHLAX,Los Angeles (LAX),2026-05-21,6,73.0,74.0,74.12142857142857,2.8885997899251614,,4,0.7792538858385437,1.45773268724531,True,0.02999999999999997,0.7474451917198008,1.288438571116132
KXHIGHMIA-26MAY21,KXHIGHMIA,Miami (Intl Airport),2026-05-21,6,89.0,86.1,86.72142857142856,2.7987476374608016,,4,0.8702409969270634,1.7483436061443343,True,0.030000000000000027,0.2533414957657383,0.509143537583006
KXHIGHNY-26MAY21,KXHIGHNY,New York (Central Park),2026-05-21,6,66.0,65.8,65.23571428571428,2.85492005371771,,4,0.07013177042417632,0.24061379721984752,True,0.039999999999999925,0.015419501133786798,0.11066556788751919
KXHIGHAUS-26MAY22,KXHIGHAUS,Austin (Camp Mabry),2026-05-22,6,88.0,84.4,84.84666666666668,2.65081399098745,,5,0.9556134103451428,1.7018937077988425,True,0.040000000000000036,0.5649720425674456,0.9524703884516574
KXHIGHCHI-26MAY22,KXHIGHCHI,Chicago (Midway),2026-05-22,6,67.0,69.4,69.72000000000001,2.6356529867694394,,5,0.9469550549398815,1.9300833014906782,True,0.040000000000000036,0.7209499999999999,1.2378743560016172
KXHIGHDEN-26MAY22,KXHIGHDEN,Denver (Intl Airport),2026-05-22,6,64.0,65.0,64.94666666666667,3.230984255495415,,5,0.7151144431102555,1.423696474646225,True,0.03,0.3886176215277776,0.7688590022956416
KXHIGHLAX-26MAY22,KXHIGHLAX,Los Angeles (LAX),2026-05-22,6,68.0,64.9,64.94666666666667,2.806130854106838,,5,0.9856946790226943,2.0471610465634407,True,0.020000000000000018,0.39962515618492295,0.713766467762681
KXHIGHMIA-26MAY22,KXHIGHMIA,Miami (Intl Airport),2026-05-22,6,89.0,87.5,88.27333333333334,2.7372600520580046,,5,0.687159500242351,1.350824702811502,True,0.02999999999999997,0.2213311551694265,0.4670230011075977
KXHIGHNY-26MAY22,KXHIGHNY,New York (Central Park),2026-05-22,6,68.0,68.8,68.28666666666666,2.7713080211604315,,5,0.677453193792067,1.3051948732835597,True,0.040000000000000036,0.7272073852788572,1.0477930402718967
KXHIGHAUS-26MAY23,KXHIGHAUS,Austin (Camp Mabry),2026-05-23,6,84.0,87.6,88.24374999999999,2.6525369268753822,,6,1.461940621604575,2.7506502795782337,True,0.03,0.7373696145124715,1.3040562628829184
KXHIGHCHI-26MAY23,KXHIGHCHI,Chicago (Midway),2026-05-23,6,70.0,72.4,72.55000000000001,2.6449834593055592,,6,0.9192208298484578,1.8560131544839984,True,0.02999999999999997,0.5878783635557422,1.1280261738744028
KXHIGHDEN-26MAY23,KXHIGHDEN,Denver (Intl Airport),2026-05-23,6,75.0,74.8,74.6875,3.1357907445730495,,6,0.30913017231166506,0.6465690593949283,True,0.030000000000000027,0.2801913200643611,0.532978428407124
KXHIGHLAX-26MAY23,KXHIGHLAX,Los Angeles (LAX),2026-05-23,6,69.0,65.8,66.0375,2.8097312760742796,,6,0.9331297132070147,2.007796993671694,True,0.010000000000000009,0.7889056461494957,1.2503387248838616
KXHIGHMIA-26MAY23,KXHIGHMIA,Miami (Intl Airport),2026-05-23,6,89.0,85.2,86.01875,2.647650602125873,,6,0.9879839440176755,2.0474112553278196,True,0.010000000000000009,0.1716166858900423,0.41284521540578695
KXHIGHNY-26MAY23,KXHIGHNY,New York (Central Park),2026-05-23,6,57.0,62.2,61.66875,2.6820247642289767,,6,1.272391324886082,3.0092268748310795,True,0.050000000000000044,0.358542899408284,0.6370577139089018
KXHIGHAUS-26MAY24,KXHIGHAUS,Austin (Camp Mabry),2026-05-24,6,89.0,87.8,88.19411764705882,2.787747610395025,,7,0.2325541591277667,0.5136375101464482,True,0.010000000000000009,0.09120181405895691,0.2908617253691606
KXHIGHCHI-26MAY24,KXHIGHCHI,Chicago (Midway),2026-05-24,6,74.0,76.6,76.6,2.637735213933259,,7,0.7791420112232401,1.5215046714655291,True,0.04,0.9181081285826116,1.737956763235079
KXHIGHDEN-26MAY24,KXHIGHDEN,Denver (Intl Airport),2026-05-24,6,82.0,82.6,82.50588235294117,3.0434194241290986,,7,0.7006653325733577,1.4093197851986072,True,0.02,0.4635717031910803,0.8294836241120765
KXHIGHLAX-26MAY24,KXHIGHLAX,Los Angeles (LAX),2026-05-24,6,68.0,65.6,66.01176470588234,2.8017026895288026,,7,0.8201798161719245,1.65503481977947,True,0.010000000000000009,0.4136359180472503,0.7335567188978219
KXHIGHMIA-26MAY24,KXHIGHMIA,Miami (Intl Airport),2026-05-24,6,89.0,86.2,87.19411764705883,2.627308092311889,,7,0.8078373132411686,1.5826304459904308,True,0.020000000000000018,0.1975490779298036,0.4554755286828256
KXHIGHNY-26MAY24,KXHIGHNY,New York (Central Park),2026-05-24,6,56.0,56.1,55.294117647058826,2.785835476085552,,7,0.007195408994672066,0.0678026314645683,True,0.02,0.007279963114853521,0.07676401621183791
KXHIGHAUS-26MAY25,KXHIGHAUS,Austin (Camp Mabry),2026-05-25,6,89.0,87.4,87.83888888888889,2.7116676214900637,,8,0.7707995051033781,1.4251046258097255,True,0.02,0.33225751656191604,0.6592456288842639
KXHIGHCHI-26MAY25,KXHIGHCHI,Chicago (Midway),2026-05-25,6,84.0,84.8,84.65555555555555,2.6294887807871183,,8,0.62286878480775,1.2181214957385968,True,0.02,0.4425509533201841,0.8303483020734305
KXHIGHDEN-26MAY25,KXHIGHDEN,Denver (Intl Airport),2026-05-25,6,85.0,86.2,86.07777777777778,2.9593705073420007,,8,0.7794760524864452,1.4664548089787446,True,0.030000000000000027,0.4697204045211184,0.8571018604838243
KXHIGHLAX-26MAY25,KXHIGHLAX,Los Angeles (LAX),2026-05-25,6,69.0,65.0,65.52222222222223,2.7501914137149313,,8,0.9996870848246803,2.260395480148367,True,0.020000000000000018,0.7217840762940135,1.050526102000472
KXHIGHMIA-26MAY25,KXHIGHMIA,Miami (Intl Airport),2026-05-25,6,88.0,87.5,88.59444444444445,2.5639743241118995,,8,0.6599896208871147,1.2790266905879455,True,0.020000000000000018,0.8886908739882677,1.2089603458369749
KXHIGHNY-26MAY25,KXHIGHNY,New York (Central Park),2026-05-25,6,73.0,69.6,68.83333333333333,2.718478150875987,,8,1.4752717786697167,2.1178576707884953,True,0.020000000000000018,0.4391195716835217,0.823200308808143
KXHIGHAUS-26MAY26,KXHIGHAUS,Austin (Camp Mabry),2026-05-26,6,88.0,88.2,88.7,2.646348029783089,,9,0.6917385296623898,1.3205594832048893,True,0.040000000000000036,0.8839664435856349,1.4360558706789543
KXHIGHCHI-26MAY26,KXHIGHCHI,Chicago (Midway),2026-05-26,6,83.0,86.9,86.72105263157896,2.5623935905066357,,9,0.9302703346290807,1.9429427052865462,True,0.03999999999999998,1.0653714344610783,1.9873668627336594
KXHIGHDEN-26MAY26,KXHIGHDEN,Denver (Intl Airport),2026-05-26,6,80.0,75.9,75.72105263157896,2.8889203714656944,,9,1.1962988002279293,2.128618512024191,True,0.060000000000000005,0.6755350183201475,1.1895840668738362
KXHIGHLAX-26MAY26,KXHIGHLAX,Los Angeles (LAX),2026-05-26,6,68.0,62.8,63.50526315789473,2.7659157850080187,,9,1.106734736002016,2.8263702233194503,True,0.020000000000000018,1.0195835812016658,1.7676619176489945
KXHIGHMIA-26MAY26,KXHIGHMIA,Miami (Intl Airport),2026-05-26,6,88.0,87.7,88.76315789473685,2.5062150476355565,,9,0.6053903981893705,1.1760457374553537,True,0.040000000000000036,0.10458880341672933,0.30257068494553147
KXHIGHNY-26MAY26,KXHIGHNY,New York (Central Park),2026-05-26,6,79.0,78.4,77.85263157894738,2.8316932496057827,,9,0.7782083721435918,1.4495932482198948,True,0.030000000000000027,0.3196653106508875,0.646190197472174
KXHIGHAUS-26MAY27,KXHIGHAUS,Austin (Camp Mabry),2026-05-27,6,77.0,85.5,85.965,2.5871147056131845,,10,1.1884641530976778,4.055522367880841,True,0.08000000000000002,1.1697034857401543,3.0392173854937297
KXHIGHCHI-26MAY27,KXHIGHCHI,Chicago (Midway),2026-05-27,6,82.0,88.9,88.53500000000001,2.6162305899901113,,10,1.6193516446522263,4.659804204230904,True,0.030000000000000027,0.9654301659049015,1.629743178594846
KXHIGHDEN-26MAY27,KXHIGHDEN,Denver (Intl Airport),2026-05-27,6,70.0,70.0,70.035,2.968781315624308,,10,0.2682324722898947,0.5758411613324828,True,0.039999999999999994,0.0854852144939609,0.28768207245178107
KXHIGHLAX-26MAY27,KXHIGHLAX,Los Angeles (LAX),2026-05-27,6,66.0,65.1,66.03,2.8361329305940517,,10,0.6565743458653753,1.3019537934697754,True,0.030000000000000027,0.4094165331322462,0.6931471805599451
KXHIGHMIA-26MAY27,KXHIGHMIA,Miami (Intl Airport),2026-05-27,6,89.0,88.1,89.125,2.4565346527171155,,10,0.6006002067692311,1.162880426915584,True,0.030000000000000027,0.21674262152777773,0.4291816347254803
KXHIGHNY-26MAY27,KXHIGHNY,New York (Central Park),2026-05-27,6,81.0,86.3,85.81,2.7766616646613613,,10,1.3362048546428567,2.422487951220434,True,0.020000000000000018,1.1361061517776454,2.103195627687943
KXHIGHAUS-26MAY28,KXHIGHAUS,Austin (Camp Mabry),2026-05-28,6,90.0,87.2,87.23809523809524,3.1814567742726223,,11,0.9257648343375178,1.9080696577762242,True,0.07,0.42614763471726297,0.821859286748519
KXHIGHCHI-26MAY28,KXHIGHCHI,Chicago (Midway),2026-05-28,6,72.0,71.9,71.22380952380954,2.8811849384220243,,11,0.719753483198496,1.3981341909957998,True,0.12,0.5469814190306157,1.0045833390198333
KXHIGHDEN-26MAY28,KXHIGHDEN,Denver (Intl Airport),2026-05-28,6,77.0,76.5,76.53333333333333,2.8972528495238508,,11,0.7231371127262991,1.3093161291256223,True,0.05,0.5904308390022677,1.0033021088637846
KXHIGHLAX-26MAY28,KXHIGHLAX,Los Angeles (LAX),2026-05-28,6,68.0,67.5,68.42857142857143,2.768018099335828,,11,0.6685786426275377,1.3193507191614886,True,0.07,0.30907914201183434,0.6101502609889773
KXHIGHMIA-26MAY28,KXHIGHMIA,Miami (Intl Airport),2026-05-28,6,86.0,87.5,88.51904761904763,2.398688138024762,,11,0.9235549143290002,1.876968740294347,True,0.09,1.0210763650622492,1.7529196359117911
KXHIGHNY-26MAY28,KXHIGHNY,New York (Central Park),2026-05-28,6,75.0,73.0,72.28095238095239,2.8740388552216602,,11,0.027446484998442655,0.14081232689905812,True,0.11000000000000004,0.48579151143253696,0.791882021245634
KXHIGHAUS-26MAY29,KXHIGHAUS,Austin (Camp Mabry),2026-05-29,6,91.0,90.7,90.86363636363636,3.1592802725812814,,12,0.7158556540887937,1.4123406944288102,True,0.03,0.5315409927886299,0.8440824235332289
KXHIGHCHI-26MAY29,KXHIGHCHI,Chicago (Midway),2026-05-29,6,84.0,84.8,84.1590909090909,2.8233244201415113,,12,0.6522050827026015,1.2914311601833142,True,0.019999999999999997,0.7969806881678266,1.376442064676879
KXHIGHDEN-26MAY29,KXHIGHDEN,Denver (Intl Airport),2026-05-29,6,83.0,87.1,87.15454545454544,2.8321594185711634,,12,1.1734604933641661,2.086169582917695,True,0.020000000000000018,1.019727126451983,2.2257979497802753
KXHIGHLAX-26MAY29,KXHIGHLAX,Los Angeles (LAX),2026-05-29,6,68.0,66.6,67.5090909090909,2.708855167512187,,12,0.6870997154277458,1.308748605787314,True,0.01999999999999999,0.22840062872014222,0.5040802356264591
KXHIGHMIA-26MAY29,KXHIGHMIA,Miami (Intl Airport),2026-05-29,6,92.0,87.3,88.20454545454545,2.422315952865591,,12,1.0550837190389795,2.443655507502635,True,0.040000000000000036,1.2291974852071008,2.5649493574615367
KXHIGHNY-26MAY29,KXHIGHNY,New York (Central Park),2026-05-29,6,75.0,77.8,77.20454545454545,2.8773716249502987,,12,0.29555839810844753,0.6145349893787851,True,0.010000000000000009,0.5942951228195086,0.8679499049398722
KXHIGHAUS-26MAY30,KXHIGHAUS,Austin (Camp Mabry),2026-05-30,6,89.0,91.3,91.4695652173913,3.089823211649356,,13,0.6922505615384986,1.339714744412248,True,0.020000000000000018,0.7104016429788327,1.1583315233697316
KXHIGHCHI-26MAY30,KXHIGHCHI,Chicago (Midway),2026-05-30,6,74.0,75.9,75.25217391304348,2.760754503950702,,13,0.6734815023019745,1.298492735599009,True,0.030000000000000027,0.5326283345732808,0.9773987179149372
KXHIGHDEN-26MAY30,KXHIGHDEN,Denver (Intl Airport),2026-05-30,6,77.0,78.2,78.07391304347826,2.8956141394097155,,13,0.679818468803345,1.3275822605685323,True,0.01999999999999999,0.4391970495779808,0.8373967894044921
KXHIGHLAX-26MAY30,KXHIGHLAX,Los Angeles (LAX),2026-05-30,6,71.0,71.2,72.1304347826087,2.647982060274291,,13,0.7207953108324832,1.4038677602624956,True,0.030000000000000027,0.3652111838191553,0.6882809909087724
KXHIGHMIA-26MAY30,KXHIGHMIA,Miami (Intl Airport),2026-05-30,6,87.0,86.0,87.0695652173913,2.46372815861442,,13,0.609270640985908,1.1690665961927518,True,0.05000000000000002,0.8136347454610182,1.4647659765613859
KXHIGHNY-26MAY30,KXHIGHNY,New York (Central Park),2026-05-30,6,69.0,69.3,68.6086956521739,2.8403861024770736,,13,0.7100847102747544,1.2909220504416066,True,0.029999999999999916,0.014177239523260245,0.09776416876589133
KXHIGHAUS-26MAY31,KXHIGHAUS,Austin (Camp Mabry),2026-05-31,6,90.0,90.6,90.66666666666666,3.066410013414769,,14,0.7338667558869839,1.433747787007795,True,0.020000000000000018,0.9497537865527783,1.6691571471357225
KXHIGHCHI-26MAY31,KXHIGHCHI,Chicago (Midway),2026-05-31,6,74.0,77.8,77.1,2.7087820141163093,,14,0.8364718032896215,1.6849803380016193,True,0.010000000000000009,0.47342368319876965,0.7642431022436752
KXHIGHDEN-26MAY31,KXHIGHDEN,Denver (Intl Airport),2026-05-31,6,81.0,81.6,81.42916666666666,2.8417845263111485,,14,0.6545587610311846,1.2909898435596998,True,0.04000000000000001,0.3450327186198691,0.6882809909087724
KXHIGHLAX-26MAY31,KXHIGHLAX,Los Angeles (LAX),2026-05-31,6,72.0,73.2,74.08333333333334,2.608883506051612,,14,0.7508409024980558,1.384297880864769,True,0.010000000000000009,0.21955678670360107,0.48485013736272997
KXHIGHMIA-26MAY31,KXHIGHMIA,Miami (Intl Airport),2026-05-31,6,95.0,90.5,91.56666666666666,2.412429235193193,,14,0.8216028742643092,1.553773558709893,True,0.01999999999999999,1.2569660916121355,3.377099830083095
KXHIGHNY-26MAY31,KXHIGHNY,New York (Central Park),2026-05-31,6,75.0,74.7,74.025,2.783348927102026,,14,0.6595145952516241,1.2847217095230041,True,0.010000000000000009,0.26916099773242635,0.5849335959197125
KXHIGHAUS-26JUN01,KXHIGHAUS,Austin (Camp Mabry),2026-06-01,6,92.0,91.3,91.34,3.007483998294919,,15,0.8731976858941445,1.41687066752415,True,0.03999999999999998,0.46279999999999993,0.8324092478934529
KXHIGHCHI-26JUN01,KXHIGHCHI,Chicago (Midway),2026-06-01,6,71.0,74.0,73.176,2.708769757657525,,15,0.7017534298886547,1.3165937972816244,True,0.020000000000000018,0.28639454224949046,0.5383132072315542
KXHIGHDEN-26JUN01,KXHIGHDEN,Denver (Intl Airport),2026-06-01,6,79.0,81.6,81.41199999999999,2.785196294698095,,15,0.75828701253741,1.4971101048685005,True,0.01999999999999999,0.5101133786848072,0.8811994120628848
KXHIGHLAX-26JUN01,KXHIGHLAX,Los Angeles (LAX),2026-06-01,6,72.0,70.4,71.2,2.599384542540792,,15,0.6824529775525829,1.3245080483638507,True,0.010000000000000009,0.3977551220468582,0.754390805800664
KXHIGHMIA-26JUN01,KXHIGHMIA,Miami (Intl Airport),2026-06-01,6,94.0,89.5,90.704,2.432064472829616,,15,0.9804263868921363,2.0782744670396007,True,0.030000000000000027,0.935283446712018,1.7361896180732443
KXHIGHNY-26JUN01,KXHIGHNY,New York (Central Park),2026-06-01,6,71.0,71.0,70.364,2.7375364107167597,,15,0.708286191610276,1.256072569336064,True,0.010000000000000009,0.5925943047337277,0.9680902272342963
KXHIGHAUS-26JUN02,KXHIGHAUS,Austin (Camp Mabry),2026-06-02,6,94.0,92.1,92.16538461538461,2.9516364084153257,,16,0.8108848078497388,1.6281827878480806,True,0.020000000000000018,1.2164187983343249,2.327277705584417
KXHIGHCHI-26JUN02,KXHIGHCHI,Chicago (Midway),2026-06-02,6,75.0,73.1,72.1923076923077,2.6785430043791734,,16,0.8829027775389787,1.5883431326555164,True,0.020000000000000018,0.3485358636873789,0.7032995520239634
KXHIGHDEN-26JUN02,KXHIGHDEN,Denver (Intl Airport),2026-06-02,6,74.0,77.1,76.81923076923077,2.7671984653041104,,16,0.11174011224874301,0.31717404355241896,True,0.030000000000000027,0.245195828388172,0.5226202002588276
KXHIGHLAX-26JUN02,KXHIGHLAX,Los Angeles (LAX),2026-06-02,6,70.0,68.1,68.93076923076923,2.5497632579957727,,16,0.6309459468391769,1.210834775613652,True,0.020000000000000018,0.36701093406732155,0.6489139255831199
KXHIGHMIA-26JUN02,KXHIGHMIA,Miami (Intl Airport),2026-06-02,6,95.0,90.8,92.13076923076923,2.442460275716359,,16,0.6858269873832927,1.2464042002469553,True,0.02999999999999997,0.49746702768800766,0.7912650365184686
KXHIGHNY-26JUN02,KXHIGHNY,New York (Central Park),2026-06-02,6,76.0,75.4,74.78846153846155,2.689343253845631,,16,0.6608701282962133,1.271338257892868,True,0.03,0.14865968664141976,0.3906500223230237
KXHIGHAUS-26JUN03,KXHIGHAUS,Austin (Camp Mabry),2026-06-03,6,89.0,87.5,87.63333333333334,2.9162521751335544,,17,0.7018516046326079,1.3579912238022116,True,0.06,0.4895525147928994,0.8716299610467341
KXHIGHCHI-26JUN03,KXHIGHCHI,Chicago (Midway),2026-06-03,6,82.0,83.4,82.5962962962963,2.6936841987918174,,17,0.6321730012545085,1.2400709638539644,True,0.030000000000000027,0.4664248603078128,0.830930882922998
KXHIGHDEN-26JUN03,KXHIGHDEN,Denver (Intl Airport),2026-06-03,6,78.0,87.4,87.01481481481483,2.7625162832113532,,17,1.22518191608381,4.690764077842371,True,0.010000000000000009,0.8478383884110456,1.6255240501857249
KXHIGHLAX-26JUN03,KXHIGHLAX,Los Angeles (LAX),2026-06-03,6,69.0,67.8,68.67037037037036,2.505260025538192,,17,0.7529578888782293,1.2224408001485378,True,0.040000000000000036,0.6378516975343971,1.0116009116784797
KXHIGHMIA-26JUN03,KXHIGHMIA,Miami (Intl Airport),2026-06-03,6,86.0,82.4,83.83703703703705,2.435023830629461,,17,0.8734024695224691,1.7088737876927842,True,0.08999999999999997,0.6906826024745392,1.2413603363975563
KXHIGHNY-26JUN03,KXHIGHNY,New York (Central Park),2026-06-03,6,83.0,82.4,81.83333333333334,2.6526638525081334,,17,0.6701439280373956,1.2549312789470528,True,0.010000000000000009,0.40941653313224624,0.6931471805599453
KXHIGHAUS-26JUN04,KXHIGHAUS,Austin (Camp Mabry),2026-06-04,6,87.0,82.4,82.58214285714287,2.8739551593609614,,18,1.230062986866185,2.1940596749887726,True,0.060000000000000026,0.3982925716126608,0.7853533744266792
KXHIGHCHI-26JUN04,KXHIGHCHI,Chicago (Midway),2026-06-04,6,87.0,88.2,87.375,2.645118482358454,,18,0.6746451071013504,1.274259821400978,True,0.04999999999999999,0.5500672265203111,0.9424515579128272
KXHIGHDEN-26JUN04,KXHIGHDEN,Denver (Intl Airport),2026-06-04,6,88.0,89.1,88.39285714285714,3.1673448841514475,,18,0.6970289220799603,1.3957417299753807,True,0.13,0.46227554718371855,0.8655632083644968
KXHIGHLAX-26JUN04,KXHIGHLAX,Los Angeles (LAX),2026-06-04,6,72.0,73.0,73.88214285714285,2.45937935858746,,18,0.6811731208668831,1.3023704436004555,True,0.08000000000000002,0.35570543763362644,0.6884633312475189
KXHIGHMIA-26JUN04,KXHIGHMIA,Miami (Intl Airport),2026-06-04,6,85.0,79.5,81.01428571428572,2.4077529051956583,,18,1.1101836399762175,2.772634431488302,True,0.14,1.091953539264372,2.339972625065666
KXHIGHNY-26JUN04,KXHIGHNY,New York (Central Park),2026-06-04,6,86.0,88.2,87.675,2.616951948355185,,18,0.6958731030039427,1.3078940414710725,True,0.04999999999999999,0.4670276880076864,0.8333765218685957
KXHIGHAUS-26JUN05,KXHIGHAUS,Austin (Camp Mabry),2026-06-05,6,87.0,86.3,86.63448275862069,2.9321448550755473,,19,0.682493339687431,1.3626650945155134,True,0.06,0.5311111111111111,0.9282669229208707
KXHIGHCHI-26JUN05,KXHIGHCHI,Chicago (Midway),2026-06-05,6,81.0,81.4,80.56206896551724,2.598587094056915,,19,0.1925294754527146,0.4448390587257054,True,0.07,0.30392156862745084,0.5996211225491216
KXHIGHDEN-26JUN05,KXHIGHDEN,Denver (Intl Airport),2026-06-05,6,86.0,89.3,88.57931034482759,3.112010384789933,,19,0.7080225685632561,1.3782594836672342,True,0.010000000000000009,0.7749206349206349,1.203972804325936
KXHIGHLAX-26JUN05,KXHIGHLAX,Los Angeles (LAX),2026-06-05,6,70.0,68.9,69.71724137931035,2.44866286234763,,19,0.6358065109368957,1.1525441142488406,True,0.04000000000000001,1.099196446967789,1.7047480922384253
KXHIGHMIA-26JUN05,KXHIGHMIA,Miami (Intl Airport),2026-06-05,6,85.0,84.2,85.85172413793104,2.4446316097541314,,19,0.6022749738916316,1.15705035995683,True,0.04999999999999999,0.3801273997663603,0.7169012665680523
KXHIGHNY-26JUN05,KXHIGHNY,New York (Central Park),2026-06-05,6,88.0,93.8,93.21724137931034,2.5852719673543834,,19,1.3856786956624938,3.5287523445674243,True,0.03999999999999998,1.3494830684496724,2.8478121434773684
KXHIGHAUS-26JUN06,KXHIGHAUS,Austin (Camp Mabry),2026-06-06,6,92.0,88.3,88.64666666666666,2.8831284448719283,,20,0.8812156168643144,1.8253031867107246,True,0.04999999999999999,1.3151546461220547,4.253245844807957
KXHIGHCHI-26JUN06,KXHIGHCHI,Chicago (Midway),2026-06-06,6,87.0,82.4,81.57666666666667,2.5577000663935627,,20,1.2230215478148532,3.7412522126324794,True,0.06,0.9827246227709191,1.791759469228055
KXHIGHDEN-26JUN06,KXHIGHDEN,Denver (Intl Airport),2026-06-06,6,91.0,92.5,91.69333333333333,3.0874561025519345,,20,0.7367604824617238,1.4426219821793698,True,0.020000000000000018,0.922641284949435,1.538820345220147
KXHIGHLAX-26JUN06,KXHIGHLAX,Los Angeles (LAX),2026-06-06,6,73.0,70.5,71.32666666666667,2.4069682790382383,,20,0.6455482805048387,1.161675428614055,True,0.030000000000000027,1.2223557692307692,2.4471663218051534
KXHIGHMIA-26JUN06,KXHIGHMIA,Miami (Intl Airport),2026-06-06,6,87.0,86.2,87.82333333333334,2.4148261190373903,,20,0.596020911493506,1.144137873096349,True,0.03999999999999998,0.2611495578623606,0.5474353693785515
KXHIGHNY-26JUN06,KXHIGHNY,New York (Central Park),2026-06-06,6,87.0,94.9,94.14333333333335,2.694489575796142,,20,1.2863800178733085,4.1456701730895285,True,0.04999999999999993,1.2363270071655867,2.509120907908595
KXHIGHAUS-26JUN07,KXHIGHAUS,Austin (Camp Mabry),2026-06-07,6,91.0,93.8,94.25483870967741,2.892637995009433,,21,0.9724982317171882,1.7434996412140047,True,0.04,0.5101996527777779,0.9670359308793904
KXHIGHCHI-26JUN07,KXHIGHCHI,Chicago (Midway),2026-06-07,6,83.0,85.4,84.7516129032258,2.707774714757049,,21,0.859056730734701,1.3465075147065104,True,0.06,0.7798639455782312,1.415281897993143
KXHIGHDEN-26JUN07,KXHIGHDEN,Denver (Intl Airport),2026-06-07,6,91.0,92.9,92.07096774193549,3.037777870569774,,21,0.7484984702201859,1.4838109732360503,True,0.02999999999999997,0.7785930309007232,1.2476478678285976
KXHIGHLAX-26JUN07,KXHIGHLAX,Los Angeles (LAX),2026-06-07,6,72.0,70.2,71.08064516129032,2.3799771488177432,,21,0.6875556930331861,1.2895921711379696,True,0.03999999999999998,0.4784698193002691,0.8183103235139515
KXHIGHMIA-26JUN07,KXHIGHMIA,Miami (Intl Airport),2026-06-07,6,89.0,87.7,89.29677419354839,2.385796676080731,,21,0.5845403686451565,1.1276846030019416,True,0.06,0.43549149338374293,0.760588461355478
KXHIGHNY-26JUN07,KXHIGHNY,New York (Central Park),2026-06-07,6,81.0,85.2,84.21290322580646,2.9136566001606123,,21,0.07118995212917112,0.24365144061965044,True,0.010000000000000009,0.008247714204920297,0.07560274074295081
KXHIGHAUS-26JUN08,KXHIGHAUS,Austin (Camp Mabry),2026-06-08,6,89.0,88.6,88.953125,2.907279198643842,,22,0.7088091586689981,1.3242471701063654,True,0.060000000000000026,0.8478695447092385,1.4398351280479202
KXHIGHCHI-26JUN08,KXHIGHCHI,Chicago (Midway),2026-06-08,6,83.0,85.5,84.796875,2.678186419037553,,22,0.8057947239606277,1.5849912371638406,True,0.03999999999999998,0.4833609922263954,0.9592567677575984
KXHIGHDEN-26JUN08,KXHIGHDEN,Denver (Intl Airport),2026-06-08,6,83.0,89.9,89.03750000000001,2.992782659478466,,22,1.141481612918816,3.437770213793182,True,0.020000000000000018,0.23007856341189675,0.5007752879124893
KXHIGHLAX-26JUN08,KXHIGHLAX,Los Angeles (LAX),2026-06-08,6,72.0,69.6,70.50937499999999,2.344525262404884,,22,0.6270830031080469,1.1918163505099681,True,0.020000000000000018,0.23492973372781067,0.5172565140962812
KXHIGHMIA-26JUN08,KXHIGHMIA,Miami (Intl Airport),2026-06-08,6,91.0,88.8,90.3875,2.3507541176981905,,22,0.5772276131224003,1.1114037152054357,True,0.020000000000000018,0.21496760605297502,0.4370594735263817
KXHIGHNY-26JUN08,KXHIGHNY,New York (Central Park),2026-06-08,6,75.0,75.7,74.6125,2.9105864824593346,,22,0.6621412454578233,1.314383547630882,True,0.06,0.5640797436810254,0.9498670274077591
KXHIGHAUS-26JUN09,KXHIGHAUS,Austin (Camp Mabry),2026-06-09,6,93.0,92.5,92.85454545454546,2.862848726348008,,23,0.6575614992690768,1.3051409290539984,True,0.04999999999999999,0.4121199500208247,0.7894782894983775
KXHIGHCHI-26JUN09,KXHIGHCHI,Chicago (Midway),2026-06-09,6,88.0,87.6,86.84242424242423,2.6506797057172435,,23,0.7240179041076047,1.4105444033608543,True,0.020000000000000004,0.4925163593099346,0.8571018604838243
KXHIGHDEN-26JUN09,KXHIGHDEN,Denver (Intl Airport),2026-06-09,6,88.0,91.2,90.15454545454546,3.1065525378098475,,23,0.6330940017697158,1.2134988856470896,True,0.03999999999999998,1.2955422359193383,3.9269116179218964
KXHIGHLAX-26JUN09,KXHIGHLAX,Los Angeles (LAX),2026-06-09,6,72.0,71.3,72.25454545454545,2.3173276663320643,,23,0.5735663207868064,1.1021296273903856,True,0.020000000000000018,0.2624024175270713,0.554842509182765
KXHIGHMIA-26JUN09,KXHIGHMIA,Miami (Intl Airport),2026-06-09,6,89.0,88.9,90.50606060606061,2.3133635565359794,,23,0.6376955465401489,1.184078113529991,True,0.020000000000000018,0.26611112382958263,0.5465437063680699
KXHIGHNY-26JUN09,KXHIGHNY,New York (Central Park),2026-06-09,6,79.0,80.5,79.42424242424242,2.868259225228663,,23,0.7051290578558129,1.3494395127539063,True,0.030000000000000013,0.38575054468677683,0.7074672343346935
KXHIGHAUS-26JUN10,KXHIGHAUS,Austin (Camp Mabry),2026-06-10,6,91.0,90.5,90.85882352941177,2.8203817518440193,,24,0.7736190693151247,1.3082174740384964,True,0.02,0.7820821005917159,1.1328454603103517
KXHIGHCHI-26JUN10,KXHIGHCHI,Chicago (Midway),2026-06-10,6,91.0,92.7,91.9764705882353,2.621552236488587,,24,0.7110457622674407,1.3646416067322302,True,0.02,0.7354461871281773,1.1962507582320256
KXHIGHDEN-26JUN10,KXHIGHDEN,Denver (Intl Airport),2026-06-10,6,86.0,88.8,87.69117647058823,3.0755796046168986,,24,0.7355137513723872,1.4391771558920294,True,0.010000000000000009,0.8396725811194982,1.416447399290578
KXHIGHLAX-26JUN10,KXHIGHLAX,Los Angeles (LAX),2026-06-10,6,75.0,76.7,77.64705882352942,2.284316745125745,,24,0.8477838784264964,1.4977547392474229,True,0.01999999999999999,0.24975126792690916,0.5510320442440311
KXHIGHMIA-26JUN10,KXHIGHMIA,Miami (Intl Airport),2026-06-10,6,88.0,89.0,90.56176470588235,2.302231680426683,,24,0.958842979973827,1.9213893645938889,True,0.020000000000000018,0.50201028728016,0.7668906548054946
KXHIGHNY-26JUN10,KXHIGHNY,New York (Central Park),2026-06-10,6,82.0,83.4,82.31176470588235,2.8252679912657834,,24,0.7976925171896038,1.3246835634701313,True,0.010000000000000009,0.4137915975194342,0.7912650365184688
KXHIGHAUS-26JUN11,KXHIGHAUS,Austin (Camp Mabry),2026-06-11,6,93.0,90.5,90.86285714285714,2.7797485046800783,,25,0.9464636812358993,1.4356262625153737,True,0.09000000000000002,0.607210219478738,0.9808292530117262
KXHIGHCHI-26JUN11,KXHIGHCHI,Chicago (Midway),2026-06-11,6,82.0,89.7,88.94857142857143,2.586674531361713,,25,1.0334125884482503,2.394349399789343,True,0.10000000000000003,0.32555373866508097,0.6177234187427034
KXHIGHDEN-26JUN11,KXHIGHDEN,Denver (Intl Airport),2026-06-11,6,77.0,76.2,75.04285714285714,3.039247643589949,,25,0.92726631577211,1.466162531518863,True,0.1,0.6342716049382715,1.1394342831883648
KXHIGHLAX-26JUN11,KXHIGHLAX,Los Angeles (LAX),2026-06-11,6,76.0,76.4,77.27142857142857,2.3027781421603915,,25,0.6093137502789407,1.143620069461413,True,0.06,0.45346938775510215,0.8253189536684282
KXHIGHMIA-26JUN11,KXHIGHMIA,Miami (Intl Airport),2026-06-11,6,90.0,89.9,91.38857142857144,2.322664600298771,,25,0.7901630086420142,1.4097434070715371,True,0.06,0.19390609143338028,0.4591178216004843
KXHIGHNY-26JUN11,KXHIGHNY,New York (Central Park),2026-06-11,6,91.0,96.3,95.20285714285714,2.7841002126664005,,25,1.1776900927446683,2.6381019094934977,True,0.06000000000000005,1.1729530243322701,2.6164830075767194
KXHIGHAUS-26JUN12,KXHIGHAUS,Austin (Camp Mabry),2026-06-12,6,95.0,92.9,93.32222222222222,2.7609353596845847,,26,0.7124844943146699,1.3501161927820509,True,0.020000000000000018,0.7193088888349632,1.1388187091461501
KXHIGHCHI-26JUN12,KXHIGHCHI,Chicago (Midway),2026-06-12,6,82.0,76.3,75.35555555555555,2.7781345449903236,,26,1.4361986355873748,3.6130478884463586,True,0.010000000000000009,0.2401424168349452,0.5583279577509939
KXHIGHDEN-26JUN12,KXHIGHDEN,Denver (Intl Airport),2026-06-12,6,90.0,90.8,89.69722222222222,3.0196050788077557,,26,0.7220526029572508,1.3831297434226175,True,0.05,0.432284209760004,0.7488577875739513
KXHIGHLAX-26JUN12,KXHIGHLAX,Los Angeles (LAX),2026-06-12,6,74.0,71.0,71.83611111111111,2.283833507591525,,26,1.2647472628371466,1.7214253126171986,True,0.010000000000000009,0.3402055765595463,0.7040762510921357
KXHIGHMIA-26JUN12,KXHIGHMIA,Miami (Intl Airport),2026-06-12,6,91.0,89.7,91.15,2.3083483754022533,,26,0.5988425471698027,1.1304412031727542,True,0.010000000000000009,0.3111593934911243,0.5926059513380678
KXHIGHNY-26JUN12,KXHIGHNY,New York (Central Park),2026-06-12,6,90.0,95.8,94.58611111111111,2.817444632256312,,26,1.0035911528198673,2.291053448165378,True,0.030000000000000027,1.0747152011391954,1.9892904446855382
KXHIGHAUS-26JUN13,KXHIGHAUS,Austin (Camp Mabry),2026-06-13,6,94.0,90.6,91.06756756756756,2.734933601539337,,27,0.9083190623760776,1.6322385481100616,True,0.04000000000000001,0.49912749335552625,0.893242336437864
KXHIGHCHI-26JUN13,KXHIGHCHI,Chicago (Midway),2026-06-13,6,83.0,84.5,83.73513513513514,2.9586069663495036,,27,0.7254509190989505,1.413281074809227,True,0.020000000000000018,1.22864275147929,2.629487878599108
KXHIGHDEN-26JUN13,KXHIGHDEN,Denver (Intl Airport),2026-06-13,6,79.0,84.8,83.7054054054054,2.979740355339171,,27,1.2429551258807794,2.8063306966153054,True,0.020000000000000004,0.5813946977968143,1.0986122886681098
KXHIGHLAX-26JUN13,KXHIGHLAX,Los Angeles (LAX),2026-06-13,6,72.0,68.8,69.69459459459459,2.2739174676133933,,27,1.3149137341174426,1.7927939216289028,True,0.020000000000000018,0.4204574071106431,0.7779860604969747
KXHIGHMIA-26JUN13,KXHIGHMIA,Miami (Intl Airport),2026-06-13,6,91.0,89.7,91.14594594594595,2.2777673700472145,,27,0.5934293107505746,1.118395317574391,True,0.030000000000000027,0.23617820719269997,0.504405055963068
KXHIGHNY-26JUN13,KXHIGHNY,New York (Central Park),2026-06-13,6,85.0,88.3,86.96216216216216,2.862001408122497,,27,0.43269330953383534,0.8304414574728964,True,0.020000000000000018,0.766355140186916,1.2228412886303186
KXHIGHAUS-26JUN14,KXHIGHAUS,Austin (Camp Mabry),2026-06-14,6,92.0,90.0,90.54473684210527,2.7354715031702765,,28,0.8196818039185086,1.4984731158817115,True,0.07,0.3617839292579776,0.7230001437096265
KXHIGHCHI-26JUN14,KXHIGHCHI,Chicago (Midway),2026-06-14,6,71.0,71.5,70.71578947368421,2.9204391559631504,,28,0.6962550195882089,1.3515804851253173,True,0.030000000000000027,0.37596668649613335,0.7278901290038182
KXHIGHDEN-26JUN14,KXHIGHDEN,Denver (Intl Airport),2026-06-14,6,74.0,76.4,75.18157894736842,3.022771500357523,,28,0.0015318933163424968,0.030543552482499285,True,0.010000000000000009,0.09083900226757367,0.30368241379822203
KXHIGHLAX-26JUN14,KXHIGHLAX,Los Angeles (LAX),2026-06-14,6,72.0,69.4,70.35526315789474,2.2674392602560025,,28,0.7957588019875125,1.495687201494918,True,0.010000000000000009,0.2616620498614958,0.5556761899313424
KXHIGHMIA-26JUN14,KXHIGHMIA,Miami (Intl Airport),2026-06-14,6,93.0,91.9,93.3421052631579,2.2483675696794023,,28,0.594806217979697,1.0708409006809259,True,0.010000000000000009,1.0418054977092877,1.4279670575204586
KXHIGHNY-26JUN14,KXHIGHNY,New York (Central Park),2026-06-14,6,87.0,93.5,92.11052631578947,2.834976182405049,,28,1.1561859319811092,2.55743902583004,True,0.02999999999999997,0.40499019154047927,0.7763246870388532
KXHIGHAUS-26JUN15,KXHIGHAUS,Austin (Camp Mabry),2026-06-15,6,84.0,81.7,82.28205128205128,2.7079635595210387,,29,0.8524212080885076,1.3411445579054562,True,0.02999999999999997,0.6178887845974222,1.0656681329487556
KXHIGHCHI-26JUN15,KXHIGHCHI,Chicago (Midway),2026-06-15,6,76.0,76.0,75.22307692307692,2.883610344310093,,29,0.7365743167590029,1.3988984130792732,True,0.030000000000000027,0.5375963718820861,0.8927602344639608
KXHIGHDEN-26JUN15,KXHIGHDEN,Denver (Intl Airport),2026-06-15,6,81.0,80.3,79.05128205128204,2.9863985288128743,,29,0.8139762909671533,1.66222524780567,True,0.04999999999999999,0.6509096050523141,1.0937696641923218
KXHIGHLAX-26JUN15,KXHIGHLAX,Los Angeles (LAX),2026-06-15,6,71.0,69.4,70.3974358974359,2.2485377578739416,,29,0.559171099488364,1.0695777141533989,True,0.020000000000000018,0.9311730282120708,1.414732296440424
KXHIGHMIA-26JUN15,KXHIGHMIA,Miami (Intl Airport),2026-06-15,6,95.0,93.3,94.73333333333333,2.2214699581423054,,29,0.3177274743127637,0.6128099883178127,True,0.020000000000000018,1.135631001371742,2.1972245773362196
KXHIGHNY-26JUN15,KXHIGHNY,New York (Central Park),2026-06-15,6,74.0,78.2,76.67948717948718,2.895814828733282,,29,0.21608342089495783,0.49176908351231463,True,0.040000000000000036,0.4693513191827018,0.7561219797213335
KXHIGHAUS-26JUN16,KXHIGHAUS,Austin (Camp Mabry),2026-06-16,6,91.0,83.3,83.925,2.684905724601889,,30,1.2793392303484694,4.102205783742471,True,0.06,0.8880772664556447,1.7650912221458936
KXHIGHCHI-26JUN16,KXHIGHCHI,Chicago (Midway),2026-06-16,6,77.0,75.1,74.34249999999999,2.85122643567641,,30,0.8941772585853517,1.8824490442367463,True,0.03,1.20335,2.900422093749666
KXHIGHDEN-26JUN16,KXHIGHDEN,Denver (Intl Airport),2026-06-16,6,93.0,90.8,89.6,2.96951174437819,,30,0.8594153034741224,1.792119438018767,True,0.019999999999999997,0.8765624613252148,1.4966424182887559
KXHIGHLAX-26JUN16,KXHIGHLAX,Los Angeles (LAX),2026-06-16,6,70.0,67.8,68.8125,2.220541530235362,,30,0.587701215406528,1.101667039004172,True,0.020000000000000018,1.045857290979357,1.8621402659898547
KXHIGHMIA-26JUN16,KXHIGHMIA,Miami (Intl Airport),2026-06-16,6,95.0,91.3,92.74,2.1928292227166257,,30,0.7306882029961049,1.3456397070938948,True,0.020000000000000004,0.534021027573894,0.8504326591925749
KXHIGHNY-26JUN16,KXHIGHNY,New York (Central Park),2026-06-16,6,76.0,79.4,77.8125,2.8808079921265146,,30,0.8007372136350456,1.6132666419438662,True,0.03999999999999998,0.4937868480725623,0.7723965522140857
KXHIGHAUS-26JUN17,KXHIGHAUS,Austin (Camp Mabry),2026-06-17,6,90.0,85.9,86.69756097560976,2.857291575308154,,31,1.2317211940001882,1.7576545491653326,True,0.04999999999999999,1.2097831921398399,2.847812143477369
KXHIGHCHI-26JUN17,KXHIGHCHI,Chicago (Midway),2026-06-17,6,71.0,70.3,69.60731707317073,2.8499452648010606,,31,0.7583544511975263,1.5050787509925665,True,0.040000000000000036,0.6250367611018527,1.1811333123561132
KXHIGHDEN-26JUN17,KXHIGHDEN,Denver (Intl Airport),2026-06-17,6,91.0,93.2,92.0829268292683,2.987451496056104,,31,0.4465914580950679,0.8612167827654197,True,0.030000000000000013,1.0459136822773185,2.0693912058263346
KXHIGHLAX-26JUN17,KXHIGHLAX,Los Angeles (LAX),2026-06-17,6,71.0,69.3,70.34146341463415,2.197632050223259,,31,0.632147390754173,1.1768532248607333,True,0.020000000000000018,0.9793089231879204,1.4990140948197272
KXHIGHMIA-26JUN17,KXHIGHMIA,Miami (Intl Airport),2026-06-17,6,94.0,91.3,92.79512195121951,2.184787358632523,,31,0.5777776807557873,1.0902554882674032,True,0.019999999999999962,0.4191480408900769,0.7600101257890718
KXHIGHNY-26JUN17,KXHIGHNY,New York (Central Park),2026-06-17,6,78.0,78.6,76.96829268292683,2.85308601770726,,31,0.7224191952620546,1.4328110756011743,True,0.039999999999999925,1.0138483965014577,1.614553013100871
KXHIGHAUS-26JUN18,KXHIGHAUS,Austin (Camp Mabry),2026-06-18,6,97.0,93.7,94.57619047619048,2.8621466010609575,,32,1.0079746956432243,1.7985175144462688,True,0.08000000000000002,0.4041350190492368,0.7806064858885314
KXHIGHCHI-26JUN18,KXHIGHCHI,Chicago (Midway),2026-06-18,6,73.0,70.3,69.64047619047619,2.8256961802228946,,32,1.2222676948363511,2.180031546378856,True,0.07,0.4683854524066267,0.9015484501369513
KXHIGHDEN-26JUN18,KXHIGHDEN,Denver (Intl Airport),2026-06-18,6,88.0,89.3,88.15714285714286,2.953938584061324,,32,0.7945186171477675,1.351700101597834,True,0.06999999999999998,0.4876970396001537,0.8992793860476184
KXHIGHLAX-26JUN18,KXHIGHLAX,Los Angeles (LAX),2026-06-18,6,70.0,68.5,69.55714285714286,2.1718290894498056,,32,0.6013427897629815,1.1239690868133363,True,0.03,0.19445027888632171,0.4499168706789983
KXHIGHMIA-26JUN18,KXHIGHMIA,Miami (Intl Airport),2026-06-18,6,93.0,91.5,93.02380952380952,2.1616585113533304,,32,0.5558697359117065,1.0544116683012648,True,0.05000000000000002,0.14467930029154522,0.37283988079208785
KXHIGHNY-26JUN18,KXHIGHNY,New York (Central Park),2026-06-18,6,86.0,88.3,86.69285714285714,2.826653647952124,,32,0.6922727201204878,1.370963876799292,True,0.09999999999999998,0.7662002201208419,1.3445249482435955
KXHIGHAUS-26JUN19,KXHIGHAUS,Austin (Camp Mabry),2026-06-19,6,88.0,88.2,89.1325581395349,2.8480012239044084,,33,0.06348102090938401,0.22679038943035054,True,0.06,0.6110648423557405,1.018944885934238
KXHIGHCHI-26JUN19,KXHIGHCHI,Chicago (Midway),2026-06-19,6,77.0,76.8,76.21860465116279,2.842145074127191,,33,0.6597257846204767,1.2955158997974845,True,0.030000000000000027,0.449765455436533,0.8109302162163288
KXHIGHDEN-26JUN19,KXHIGHDEN,Denver (Intl Airport),2026-06-19,6,83.0,87.4,86.25348837209303,2.919151229042709,,33,0.6801017441477628,1.2945354534792506,True,0.04999999999999999,0.6241919297999956,1.0700389162240536
KXHIGHLAX-26JUN19,KXHIGHLAX,Los Angeles (LAX),2026-06-19,6,71.0,69.4,70.46744186046512,2.146279080608713,,33,0.537716737828258,1.0252946868462711,True,0.030000000000000027,0.29442927489556353,0.570544858467613
KXHIGHMIA-26JUN19,KXHIGHMIA,Miami (Intl Airport),2026-06-19,6,92.0,91.5,93.02325581395348,2.1364699282663464,,33,0.6864275263690955,1.2571371997152545,True,0.03999999999999998,1.0709339678762642,1.538820345220147
KXHIGHNY-26JUN19,KXHIGHNY,New York (Central Park),2026-06-19,6,81.0,84.1,82.4767441860465,2.7933773415602228,,33,0.6974651102266939,1.33278709254176,True,0.020000000000000018,0.4202246227709191,0.8109302162163287
KXHIGHAUS-26JUN20,KXHIGHAUS,Austin (Camp Mabry),2026-06-20,6,90.0,89.5,90.40681818181818,2.8224133870143104,,34,0.6989618827709895,1.3336227503204545,True,0.020000000000000018,0.7138653669055054,1.2247237484309748
KXHIGHCHI-26JUN20,KXHIGHCHI,Chicago (Midway),2026-06-20,6,77.0,77.5,76.93636363636364,2.8128962697712243,,34,0.2527283225315752,0.545750697352059,True,0.010000000000000009,0.8875277366863906,1.2266642155280063
KXHIGHDEN-26JUN20,KXHIGHDEN,Denver (Intl Airport),2026-06-20,6,90.0,94.1,92.87954545454545,2.919435258019965,,34,0.9142359941578937,1.96093911362043,True,0.03,0.6717881044396264,1.2503387248838616
KXHIGHLAX-26JUN20,KXHIGHLAX,Los Angeles (LAX),2026-06-20,6,70.0,68.4,69.47954545454546,2.1218420761258443,,34,0.5327319892791214,1.0145936682934271,True,0.020000000000000004,0.37377768442670767,0.6413709110362251
KXHIGHMIA-26JUN20,KXHIGHMIA,Miami (Intl Airport),2026-06-20,6,93.0,92.7,94.2,2.121320343559643,,34,0.7440545405222492,1.3124476172237252,True,0.03,0.18590865597796913,0.4499168706789981
KXHIGHNY-26JUN20,KXHIGHNY,New York (Central Park),2026-06-20,6,81.0,83.2,81.54318181818182,2.7656886766451523,,34,0.35790028240653937,0.7056826106722668,True,0.010000000000000009,0.41065759637188204,0.6375773294051341
KXHIGHAUS-26JUN21,KXHIGHAUS,Austin (Camp Mabry),2026-06-21,6,93.0,88.2,89.09777777777778,2.792170515308283,,35,1.3947520363574897,1.9851503105841573,True,0.02,0.7451923076923076,1.0748582026600024
KXHIGHCHI-26JUN21,KXHIGHCHI,Chicago (Midway),2026-06-21,6,72.0,70.8,70.23777777777778,2.7815456914223997,,35,0.7241977674662169,1.3687588433298448,True,0.020000000000000018,0.35059999999999997,0.7031975164134467
KXHIGHDEN-26JUN21,KXHIGHDEN,Denver (Intl Airport),2026-06-21,6,90.0,90.4,89.11555555555556,2.9117430282009935,,35,0.7139645900489404,1.4227120464511556,True,0.02,0.9573361082206036,1.6148287610689769
KXHIGHLAX-26JUN21,KXHIGHLAX,Los Angeles (LAX),2026-06-21,6,71.0,69.4,70.49111111111111,2.0982066939626924,,35,0.6011046526312175,1.1112868855672577,True,0.020000000000000004,0.31067236108193896,0.570544858467613
KXHIGHMIA-26JUN21,KXHIGHMIA,Miami (Intl Airport),2026-06-21,6,94.0,92.7,94.17333333333333,2.109243618450773,,35,0.5612027417313967,1.020146980640854,True,0.020000000000000018,0.6665705497885429,1.055440116802901
KXHIGHNY-26JUN21,KXHIGHNY,New York (Central Park),2026-06-21,6,82.0,82.7,81.03111111111112,2.7343272307212834,,35,0.745254743580893,1.3917530058476022,True,0.01999999999999999,0.8404857942648064,1.3539589804769538
KXHIGHAUS-26JUN22,KXHIGHAUS,Austin (Camp Mabry),2026-06-22,6,94.0,91.7,92.68260869565218,2.8135189495997204,,36,0.7969075475617188,1.3215604445613043,True,0.020000000000000004,0.5723136193252811,0.8960880245566356
KXHIGHCHI-26JUN22,KXHIGHCHI,Chicago (Midway),2026-06-22,6,73.0,68.5,67.97608695652174,2.764758212877196,,36,1.1490981906294793,2.5463305373828677,True,0.06,0.6090926566705114,0.9743145719905323
KXHIGHDEN-26JUN22,KXHIGHDEN,Denver (Intl Airport),2026-06-22,6,89.0,90.5,89.23478260869565,2.8846542907686423,,36,0.6883260011119234,1.3362285804033285,True,0.010000000000000009,0.5423617783212509,0.9471354072252535
KXHIGHLAX-26JUN22,KXHIGHLAX,Los Angeles (LAX),2026-06-22,6,72.0,68.4,69.50217391304348,2.0753308236161545,,36,0.9877895300306537,1.9601978141921381,True,0.030000000000000027,0.7825431237628429,1.0793809267402221
KXHIGHMIA-26JUN22,KXHIGHMIA,Miami (Intl Airport),2026-06-22,6,93.0,90.8,92.2695652173913,2.0869218648666163,,36,0.6337923079001893,1.1601104023221476,True,0.02999999999999997,0.2912150061268734,0.5320856231928399
KXHIGHNY-26JUN22,KXHIGHNY,New York (Central Park),2026-06-22,6,73.0,78.9,77.25217391304348,2.7109338775962315,,36,1.0891207272037398,2.7144692884536465,True,0.020000000000000018,1.11226317277783,2.33214389523559
KXHIGHAUS-26JUN23,KXHIGHAUS,Austin (Camp Mabry),2026-06-23,6,94.0,92.3,93.31063829787234,2.7877802622577796,,37,0.7209357361123188,1.2745087883716908,True,0.02,0.5652747667075124,0.8852249122992647
KXHIGHCHI-26JUN23,KXHIGHCHI,Chicago (Midway),2026-06-23,6,73.0,70.9,70.48297872340426,2.8334150341772872,,37,0.8350642321075252,1.5309157604066594,True,0.020000000000000018,0.4580310415309629,0.7567382833414763
KXHIGHDEN-26JUN23,KXHIGHDEN,Denver (Intl Airport),2026-06-23,6,82.0,86.1,84.82978723404254,2.8535304492457993,,37,0.913808858036346,1.9482081048055926,True,0.03,0.6775164353542733,1.2130226398458541
KXHIGHLAX-26JUN23,KXHIGHLAX,Los Angeles (LAX),2026-06-23,6,72.0,69.5,70.65531914893617,2.078402347005477,,37,0.5825125785349238,1.0717956070670314,True,0.020000000000000018,0.32961451247165535,0.5849335959197127
KXHIGHMIA-26JUN23,KXHIGHMIA,Miami (Intl Airport),2026-06-23,6,91.0,89.7,91.18510638297873,2.064925761276639,,37,0.5293498522658089,1.0001135985032636,True,0.040000000000000036,0.8225162780928377,1.1583315233697318
KXHIGHNY-26JUN23,KXHIGHNY,New York (Central Park),2026-06-23,6,71.0,74.6,72.86170212765957,2.739367332222917,,37,0.003499411363473298,0.046262458617159476,True,0.020000000000000018,0.003834113907156174,0.05571060701400548
KXHIGHAUS-26JUN24,KXHIGHAUS,Austin (Camp Mabry),2026-06-24,6,93.0,93.4,94.42500000000001,2.7592411018853227,,38,0.6914688788394142,1.316223044403924,True,0.030000000000000027,0.44743897928994086,0.7028090914716819
KXHIGHCHI-26JUN24,KXHIGHCHI,Chicago (Midway),2026-06-24,6,74.0,76.0,75.63541666666667,2.82820828734533,,38,0.20868459405246467,0.4779011787008663,True,0.02,0.6430021704123785,1.0700389162240536
KXHIGHDEN-26JUN24,KXHIGHDEN,Denver (Intl Airport),2026-06-24,6,91.0,91.1,89.77083333333333,2.846826911920566,,38,0.4864394040015606,0.9189842979738069,True,0.010000000000000009,1.226808984910837,3.7658404952500644
KXHIGHLAX-26JUN24,KXHIGHLAX,Los Angeles (LAX),2026-06-24,6,71.0,69.4,70.58333333333334,2.0622797301009355,,38,0.551560075194813,0.9889362045306289,True,0.010000000000000009,1.2648753462603877,1.951187206156157
KXHIGHMIA-26JUN24,KXHIGHMIA,Miami (Intl Airport),2026-06-24,6,93.0,91.7,93.18125,2.0440569819142764,,38,0.5562507157503818,1.031237524368578,True,0.03999999999999998,0.49709444794510954,0.7788419016648281
KXHIGHNY-26JUN24,KXHIGHNY,New York (Central Park),2026-06-24,6,82.0,83.6,81.82291666666666,2.7184728400126743,,38,0.7630473441409147,1.2778554791034191,True,0.010000000000000009,0.35683247041420113,0.6101502609889771
KXHIGHAUS-26JUN25,KXHIGHAUS,Austin (Camp Mabry),2026-06-25,6,93.0,92.5,93.49591836734695,2.740552043782268,,39,0.6997814132481113,1.2559464387571528,True,0.10000000000000003,0.37460317460317455,0.6931471805599451
KXHIGHCHI-26JUN25,KXHIGHCHI,Chicago (Midway),2026-06-25,6,80.0,79.2,78.80204081632654,2.8078101017234314,,39,0.6758786868318084,1.3087700233897317,True,0.09999999999999998,0.45397849984226746,0.8472978603872036
KXHIGHDEN-26JUN25,KXHIGHDEN,Denver (Intl Airport),2026-06-25,6,76.0,67.4,66.09591836734694,2.825369380319991,,39,1.9943658687196124,6.606344816181944,True,0.08000000000000002,0.9561018775007697,1.5581446180465497
KXHIGHLAX-26JUN25,KXHIGHLAX,Los Angeles (LAX),2026-06-25,6,72.0,68.6,69.79183673469387,2.0409680909834558,,39,0.9365308439005304,1.7915902357205749,True,0.040000000000000036,1.0329680891964632,1.5804503755608477
KXHIGHMIA-26JUN25,KXHIGHMIA,Miami (Intl Airport),2026-06-25,6,92.0,90.6,92.07755102040815,2.0238059515319806,,39,0.5257849753482926,0.9908769859469365,True,0.06,0.22773117164671505,0.46806376442790887
KXHIGHNY-26JUN25,KXHIGHNY,New York (Central Park),2026-06-25,6,83.0,85.4,83.6265306122449,2.691193398548033,,39,0.6340476739421863,1.2396327805574086,True,0.06,0.8749389454012614,1.390913306976185
KXHIGHAUS-26JUN26,KXHIGHAUS,Austin (Camp Mabry),2026-06-26,6,95.0,93.2,94.186,2.7146205628043116,,40,0.7197138491600861,1.253249207840363,True,0.04000000000000001,0.2745032718619869,0.578077850775158
KXHIGHCHI-26JUN26,KXHIGHCHI,Chicago (Midway),2026-06-26,6,67.0,68.5,68.126,2.785309462160355,,40,0.14380592643553544,0.37236807730400423,True,0.010000000000000009,0.5443579392541329,0.8522118751896324
KXHIGHDEN-26JUN26,KXHIGHDEN,Denver (Intl Airport),2026-06-26,6,89.0,87.2,86.09400000000001,3.1370554346393047,,40,0.9035875733079383,1.9556850212026118,True,0.020000000000000004,1.0955788648171747,2.172773481472055
KXHIGHLAX-26JUN26,KXHIGHLAX,Los Angeles (LAX),2026-06-26,6,73.0,69.5,70.736,2.0387164589515634,,40,0.7350103065122351,1.3229955858058056,True,0.010000000000000009,0.6761592000784237,1.0178082562528137
KXHIGHMIA-26JUN26,KXHIGHMIA,Miami (Intl Airport),2026-06-26,6,92.0,90.5,91.976,2.0037237334522944,,40,0.5297961513041499,0.9930770251215298,True,0.02,0.29648929718559786,0.5396737781036489
KXHIGHNY-26JUN26,KXHIGHNY,New York (Central Park),2026-06-26,6,80.0,88.4,86.614,2.6639153139692713,,40,1.2110572450498007,4.522376073434722,True,0.010000000000000009,1.2702856144641455,3.4200658659665377
KXHIGHAUS-26JUN27,KXHIGHAUS,Austin (Camp Mabry),2026-06-27,6,95.0,93.6,94.60196078431372,2.6890866945406833,,41,0.6850768514506667,1.2385160344398198,True,0.02,0.398889122266564,0.6787584431078456
KXHIGHCHI-26JUN27,KXHIGHCHI,Chicago (Midway),2026-06-27,6,78.0,76.9,76.50392156862746,2.761679066019792,,41,0.7674895335307177,1.5133030072659701,True,0.010000000000000009,1.30981532496684,2.890371757896165
KXHIGHDEN-26JUN27,KXHIGHDEN,Denver (Intl Airport),2026-06-27,6,97.0,94.6,93.55098039215686,3.1360116721596456,,41,0.8592555316649884,1.8129849404678844,True,0.03,1.2349982656954561,2.6607973162516645
KXHIGHLAX-26JUN27,KXHIGHLAX,Los Angeles (LAX),2026-06-27,6,73.0,70.9,72.18039215686275,2.0375222910042834,,41,0.543741129170778,0.9883787343448832,True,0.010000000000000009,0.1709519436792164,0.4130697074933836
KXHIGHMIA-26JUN27,KXHIGHMIA,Miami (Intl Airport),2026-06-27,6,92.0,91.6,93.07647058823528,1.9839162632878715,,41,0.533246082617489,0.9912604846499086,True,0.010000000000000009,0.20522497794333888,0.44845529303953263
KXHIGHNY-26JUN27,KXHIGHNY,New York (Central Park),2026-06-27,6,78.0,81.3,79.38431372549019,2.7756253913093483,,41,0.6667530596874899,1.316710202791985,True,0.02999999999999997,0.6010668973471741,0.9486721413771947
KXHIGHAUS-26JUN28,KXHIGHAUS,Austin (Camp Mabry),2026-06-28,6,95.0,93.9,94.90961538461539,2.663109663168415,,42,0.6713061540360237,1.2398494621866518,True,0.010000000000000009,0.6074670701317194,0.9377456668754145
KXHIGHCHI-26JUN28,KXHIGHCHI,Chicago (Midway),2026-06-28,6,82.0,84.1,83.7326923076923,2.743472230266431,,42,0.7037991434059918,1.353519430383217,True,0.02999999999999997,0.8462925295857989,1.530875589930998
KXHIGHDEN-26JUN28,KXHIGHDEN,Denver (Intl Airport),2026-06-28,6,94.0,95.3,94.3173076923077,3.1457467664260172,,42,0.6912961450090681,1.3902022201070083,True,0.01999999999999999,0.26236974332318497,0.5937747067467414
KXHIGHLAX-26JUN28,KXHIGHLAX,Los Angeles (LAX),2026-06-28,6,71.0,73.7,74.99615384615385,2.0190395795651725,,42,1.6141825606205462,2.351834107665494,True,0.020000000000000018,0.580389384106462,0.8273967060699087
KXHIGHMIA-26JUN28,KXHIGHMIA,Miami (Intl Airport),2026-06-28,6,92.0,90.0,91.45576923076923,1.9732617896139577,,42,0.5924629714394162,1.0760215703474039,True,0.040000000000000036,0.30944896449704146,0.541747534104577
KXHIGHNY-26JUN28,KXHIGHNY,New York (Central Park),2026-06-28,6,82.0,82.2,80.25769230769231,2.751787291089706,,42,0.6896910142038022,1.3573611307779159,True,0.010000000000000009,0.3803628117913832,0.6742786962555624
KXHIGHAUS-26JUN29,KXHIGHAUS,Austin (Camp Mabry),2026-06-29,6,97.0,95.3,96.31132075471697,2.6377717542480075,,43,0.6948971660374763,1.221889246920445,True,0.039999999999999925,0.29614512471655324,0.5935173396111038
KXHIGHCHI-26JUN29,KXHIGHCHI,Chicago (Midway),2026-06-29,6,93.0,95.8,95.39999999999999,2.726806135043929,,43,0.8724030915259673,1.7918894651601385,True,0.010000000000000009,0.5872260668973471,0.9486721413771947
KXHIGHDEN-26JUN29,KXHIGHDEN,Denver (Intl Airport),2026-06-29,6,88.0,88.3,87.31132075471697,3.115870334958781,,43,0.7702980671416326,1.3811205232239214,True,0.010000000000000009,0.576067489867094,0.9840707469358971
KXHIGHLAX-26JUN29,KXHIGHLAX,Los Angeles (LAX),2026-06-29,6,73.0,70.6,71.82075471698113,2.081113404021103,,43,0.5627035345228669,1.0458806368244156,True,0.010000000000000009,0.5993499999999999,0.8794767587514388
KXHIGHMIA-26JUN29,KXHIGHMIA,Miami (Intl Airport),2026-06-29,6,93.0,92.4,93.86603773584906,1.9545119619340487,,43,0.5084012121644969,0.9548651276551084,True,0.010000000000000009,0.13662927702893765,0.3511424263690065
KXHIGHNY-26JUN29,KXHIGHNY,New York (Central Park),2026-06-29,6,88.0,89.2,87.29056603773586,2.740354964117943,,43,0.2174703655547539,0.4885517023932871,True,0.010000000000000009,0.928072320726701,1.5593135252515318
KXHIGHAUS-26JUN30,KXHIGHAUS,Austin (Camp Mabry),2026-06-30,6,96.0,95.0,96.02407407407408,2.613963312006264,,44,0.6291369367786123,1.229951057855118,True,0.01999999999999999,0.37970795024337484,0.6432502094153221
KXHIGHCHI-26JUN30,KXHIGHCHI,Chicago (Midway),2026-06-30,6,94.0,96.8,96.35555555555555,2.7194703483887985,,44,0.7522796193560146,1.4710610483295457,True,0.04999999999999993,0.26984813533256435,0.5559460590464601
KXHIGHDEN-26JUN30,KXHIGHDEN,Denver (Intl Airport),2026-06-30,6,92.0,90.4,89.42407407407408,3.0890319398572936,,44,0.8577168293939451,1.589040192963505,True,0.04000000000000001,0.8803902060229563,1.4630583773317287
KXHIGHLAX-26JUN30,KXHIGHLAX,Los Angeles (LAX),2026-06-30,6,71.0,69.0,70.24259259259259,2.065464137263536,,44,0.6412264727212784,1.1609193165601377,True,0.020000000000000018,0.2108619406950792,0.4638371143300716
KXHIGHMIA-26JUN30,KXHIGHMIA,Miami (Intl Airport),2026-06-30,6,94.0,92.8,94.25,1.9420779249728028,,44,0.546556078747825,1.0011812371435065,True,0.010000000000000009,0.26773356401384085,0.5059356384717989
KXHIGHNY-26JUN30,KXHIGHNY,New York (Central Park),2026-06-30,6,87.0,91.8,89.9037037037037,2.718250604456057,,44,0.9024619510911733,1.6218489085791796,True,0.020000000000000018,0.7197367499824967,1.0842235512160103
KXHIGHAUS-26JUL01,KXHIGHAUS,Austin (Camp Mabry),2026-07-01,6,96.0,95.0,96.02363636363637,2.5901244570928728,,45,0.6258379272143471,1.22153528117498,True,0.020000000000000018,0.21405895691609975,0.47191020751631696
KXHIGHCHI-26JUL01,KXHIGHCHI,Chicago (Midway),2026-07-01,6,94.0,97.2,96.71272727272728,2.7116138897901347,,45,0.8078404236186895,1.573854773042362,True,0.030000000000000027,1.1137241964369873,1.8313686073231008
KXHIGHDEN-26JUL01,KXHIGHDEN,Denver (Intl Airport),2026-07-01,6,89.0,91.6,90.67090909090909,3.0827418591893476,,45,0.7956421774975139,1.6084230157302877,True,0.06,0.6896338909828297,1.2181574393178924
KXHIGHLAX-26JUL01,KXHIGHLAX,Los Angeles (LAX),2026-07-01,6,71.0,68.4,69.65636363636364,2.0475740717404376,,45,0.750998164279636,1.3559050490214695,True,0.02,0.38979289940828404,0.7424182295667281
KXHIGHMIA-26JUL01,KXHIGHMIA,Miami (Intl Airport),2026-07-01,6,93.0,92.0,93.44545454545454,1.9252531130246537,,45,0.5746230351659602,1.0351543810241453,True,0.020000000000000004,0.20101831647159948,0.4860948425082734
KXHIGHNY-26JUL01,KXHIGHNY,New York (Central Park),2026-07-01,6,93.0,98.3,96.35090909090908,2.714432473168182,,45,0.989625682272079,2.20879534718809,True,0.04999999999999999,0.6896598639455781,1.1424149113265023
KXHIGHAUS-26JUL02,KXHIGHAUS,Austin (Camp Mabry),2026-07-02,6,96.0,95.5,96.52321428571429,2.566926131038533,,46,0.654171191635727,1.2690515509923912,True,0.10000000000000003,0.2595674617301531,0.48905182421643006
KXHIGHCHI-26JUL02,KXHIGHCHI,Chicago (Midway),2026-07-02,6,95.0,96.7,96.16428571428571,2.7095686051914374,,46,0.6476030587543742,1.2737896742578603,True,0.1,0.6183268229166667,1.067840630001356
KXHIGHDEN-26JUL02,KXHIGHDEN,Denver (Intl Airport),2026-07-02,6,90.0,92.5,91.54107142857143,3.0614541819652623,,46,0.780663767396478,1.5768019660491375,True,0.06,0.9312071427135072,1.6229821375418576
KXHIGHLAX-26JUL02,KXHIGHLAX,Los Angeles (LAX),2026-07-02,6,73.0,71.0,72.28035714285714,2.034327059340727,,46,0.5420239269071684,0.9809591989540343,True,0.08999999999999997,0.3519143027177148,0.6699442834802816
KXHIGHMIA-26JUL02,KXHIGHMIA,Miami (Intl Airport),2026-07-02,6,93.0,89.1,90.5375,1.9099700236054569,,46,1.0164690600915436,2.016790799159389,True,0.03,1.0273483947681334,1.4845645825526923
KXHIGHNY-26JUL02,KXHIGHNY,New York (Central Park),2026-07-02,6,100.0,103.5,101.49107142857143,2.7186774478439792,,46,0.7661304961951215,1.5046146925822326,True,0.030000000000000027,0.5625427053715091,0.9186409092191085
KXHIGHAUS-26JUL03,KXHIGHAUS,Austin (Camp Mabry),2026-07-03,6,98.0,96.0,97.0140350877193,2.545881091538946,,47,0.6987895954585855,1.3474899810339331,True,0.030000000000000027,0.8309784698193003,1.143732723948579
KXHIGHCHI-26JUL03,KXHIGHCHI,Chicago (Midway),2026-07-03,6,91.0,92.2,91.64385964912282,2.6893142345686565,,47,0.6316242769653282,1.2392765364491327,True,0.010000000000000009,0.6554229678638942,1.1040618934356743
KXHIGHDEN-26JUL03,KXHIGHDEN,Denver (Intl Airport),2026-07-03,6,90.0,91.6,90.61403508771929,3.039700769689598,,47,0.6786336289965109,1.3561373552528577,True,0.019999999999999997,0.6603985636358651,1.0475808086556637
KXHIGHLAX-26JUL03,KXHIGHLAX,Los Angeles (LAX),2026-07-03,6,73.0,70.4,71.69298245614036,2.017203016962326,,47,0.7450042714874824,1.3374188170961405,True,0.020000000000000018,0.21931274658908065,0.49375771525384266
KXHIGHMIA-26JUL03,KXHIGHMIA,Miami (Intl Airport),2026-07-03,6,91.0,92.4,93.88070175438597,1.9147808956943162,,47,1.1003905484412677,2.345494547845856,True,0.020000000000000018,0.8961235968167286,1.2383742310432684
KXHIGHNY-26JUL03,KXHIGHNY,New York (Central Park),2026-07-03,6,98.0,104.3,102.26491228070175,2.6983880968479763,,47,0.9815598500796188,2.1711028730417063,True,0.010000000000000009,0.7566304734781062,1.1518936552810461
KXHIGHAUS-26JUL04,KXHIGHAUS,Austin (Camp Mabry),2026-07-04,6,97.0,97.5,98.53103448275863,2.52591334414887,,48,0.6505638725370425,1.2572929358996665,True,0.019999999999999962,0.4513524236271559,0.6979898050357332
KXHIGHCHI-26JUL04,KXHIGHCHI,Chicago (Midway),2026-07-04,6,85.0,84.2,83.63275862068966,2.666943655574967,,48,0.9968857264201609,1.4637905203483703,True,0.010000000000000009,0.9389330621301776,1.367246166149196
KXHIGHDEN-26JUL04,KXHIGHDEN,Denver (Intl Airport),2026-07-04,6,91.0,86.5,85.50344827586207,3.0138420803765342,,48,1.1853542335276492,3.2560222781910997,True,0.03,0.9940370238519045,1.830225750055851
KXHIGHLAX-26JUL04,KXHIGHLAX,Los Angeles (LAX),2026-07-04,6,76.0,72.4,73.71551724137932,2.0044355055342864,,48,0.6198274997833519,1.0562409038568406,True,0.010000000000000009,0.9071283284023668,1.2944868118667678
KXHIGHMIA-26JUL04,KXHIGHMIA,Miami (Intl Airport),2026-07-04,6,93.0,90.1,91.53103448275861,1.9413181667432704,,48,0.5761884981327713,1.0465600795588648,True,0.020000000000000018,0.34632906755797704,0.6328040506524767
KXHIGHNY-26JUL04,KXHIGHNY,New York (Central Park),2026-07-04,6,94.0,100.4,98.29137931034484,2.722393969078514,,48,0.5118571340560214,0.9528424767841513,True,0.010000000000000009,0.022198133660099824,0.1293791375237549
KXHIGHAUS-26JUL05,KXHIGHAUS,Austin (Camp Mabry),2026-07-05,6,96.0,97.8,98.80508474576271,2.513983000612072,,49,0.8107608398153897,1.572497150722508,True,0.020000000000000018,0.8295538370017846,1.1958755940933166
KXHIGHCHI-26JUL05,KXHIGHCHI,Chicago (Midway),2026-07-05,6,77.0,75.0,74.45593220338984,2.6509522627255446,,49,0.006874983301118082,0.06567552016708059,True,0.020000000000000018,0.08378258535788455,0.2701237602384019
KXHIGHDEN-26JUL05,KXHIGHDEN,Denver (Intl Airport),2026-07-05,6,95.0,94.6,93.69661016949152,3.076147133901562,,49,0.48020538431800325,0.9238652258030075,True,0.039999999999999994,0.47626962556995583,0.8192586403228108
KXHIGHLAX-26JUL05,KXHIGHLAX,Los Angeles (LAX),2026-07-05,6,75.0,71.0,72.3542372881356,2.004769120449643,,49,0.8203676060135285,1.4893624036283448,True,0.019999999999999962,0.42544750169198814,0.7894240109953652
KXHIGHMIA-26JUL05,KXHIGHMIA,Miami (Intl Airport),2026-07-05,6,94.0,91.1,92.55593220338983,1.9309611110029454,,49,0.5763447844274889,1.0369461557387818,True,0.020000000000000018,0.8339497041420119,1.178654996341646
KXHIGHNY-26JUL05,KXHIGHNY,New York (Central Park),2026-07-05,6,81.0,87.0,84.81864406779661,2.745863929671021,,49,0.6206026830123198,1.1534945130861036,True,0.020000000000000018,0.21971653826284215,0.45401833352515475
KXHIGHAUS-26JUL06,KXHIGHAUS,Austin (Camp Mabry),2026-07-06,6,98.0,98.0,98.95833333333333,2.5217117385999117,,50,0.6200338325848922,1.1923350867442013,True,0.039999999999999925,0.7984950867552784,1.160170181667543
KXHIGHCHI-26JUL06,KXHIGHCHI,Chicago (Midway),2026-07-06,6,80.0,73.4,72.89833333333334,2.6502614301514016,,50,1.7048836917736454,5.152645570797547,True,0.030000000000000027,0.8517397154940406,1.556919878150654
KXHIGHDEN-26JUL06,KXHIGHDEN,Denver (Intl Airport),2026-07-06,6,97.0,97.9,97.01833333333335,3.0560226663159806,,50,0.6973302700040447,1.3745022804168905,True,0.010000000000000009,0.35655,0.6635883783184009
KXHIGHLAX-26JUL06,KXHIGHLAX,Los Angeles (LAX),2026-07-06,6,75.0,73.2,74.59833333333333,2.011618221823011,,50,0.5095292973153945,0.9663439920012961,True,0.030000000000000027,0.2303976557313248,0.4981471655062196
KXHIGHMIA-26JUL06,KXHIGHMIA,Miami (Intl Airport),2026-07-06,6,93.0,92.2,93.68,1.9206422536918917,,50,0.5278149023622081,0.9268315182202809,True,0.019999999999999962,0.7744786062590141,1.122826546788704
KXHIGHNY-26JUL06,KXHIGHNY,New York (Central Park),2026-07-06,6,69.0,72.6,70.35499999999999,2.757922678394012,,50,0.007405075712324534,0.06873601048692526,True,0.010000000000000009,0.010342123321242975,0.08791187232287966
KXHIGHAUS-26JUL07,KXHIGHAUS,Austin (Camp Mabry),2026-07-07,6,98.0,97.3,98.24262295081967,2.504892916966969,,51,0.6050676857683134,1.1753233855489298,True,0.010000000000000009,0.38247597009611944,0.647056073359678
KXHIGHCHI-26JUL07,KXHIGHCHI,Chicago (Midway),2026-07-07,6,84.0,80.2,79.81475409836065,2.7818868972783193,,51,1.1861087458908852,2.1108467397262545,True,0.030000000000000027,0.6415984336062658,1.0661268335236211
KXHIGHDEN-26JUL07,KXHIGHDEN,Denver (Intl Airport),2026-07-07,6,97.0,96.3,95.41803278688525,3.030856347863174,,51,0.5362874873810071,1.0201193851844197,True,0.03999999999999998,0.6627781590040192,1.149384614041533
KXHIGHLAX-26JUL07,KXHIGHLAX,Los Angeles (LAX),2026-07-07,6,74.0,75.8,77.20491803278688,1.9949550214809944,,51,1.3318584222960086,2.5460327631323683,True,0.020000000000000018,1.2663646449704142,2.293015641977895
KXHIGHMIA-26JUL07,KXHIGHMIA,Miami (Intl Airport),2026-07-07,6,93.0,90.2,91.66885245901639,1.9082029319881832,,51,0.5496174394861859,1.0033968508252327,True,0.020000000000000018,0.2294784580498865,0.49507726679785125
KXHIGHNY-26JUL07,KXHIGHNY,New York (Central Park),2026-07-07,6,70.0,75.3,73.0327868852459,2.7376305213360084,,51,0.13175152739895335,0.35097560669589745,True,0.010000000000000009,0.002695814135869017,0.045577508496319016
KXHIGHAUS-26JUL08,KXHIGHAUS,Austin (Camp Mabry),2026-07-08,6,99.0,96.8,97.73870967741935,2.485036957567023,,52,0.7312325981711346,1.4007142246849593,True,0.02,0.4196863169280692,0.6978091936657564
KXHIGHCHI-26JUL08,KXHIGHCHI,Chicago (Midway),2026-07-08,6,89.0,87.8,87.48225806451613,2.8106390172714013,,52,0.7020074707071114,1.342964730051273,True,0.010000000000000009,0.20027700831024936,0.4679005790489568
KXHIGHDEN-26JUL08,KXHIGHDEN,Denver (Intl Airport),2026-07-08,6,94.0,93.6,92.74354838709677,3.0140994634956977,,52,0.4767934090549395,0.9139977179368286,True,0.020000000000000018,0.5337463017751478,0.9308188324370648
KXHIGHLAX-26JUL08,KXHIGHLAX,Los Angeles (LAX),2026-07-08,6,74.0,75.5,76.85322580645162,2.0252524892620163,,52,1.0666535263364887,2.236506497223172,True,0.010000000000000009,1.2052575932333716,2.4849066497880004
KXHIGHMIA-26JUL08,KXHIGHMIA,Miami (Intl Airport),2026-07-08,6,92.0,90.5,91.99032258064516,1.8974668155735643,,52,0.5048599475591208,0.9421641468600153,True,0.020000000000000018,1.02421768707483,1.5629178967992075
KXHIGHNY-26JUL08,KXHIGHNY,New York (Central Park),2026-07-08,6,85.0,82.6,80.28387096774193,2.7356055354523727,,52,0.9678664996592012,2.1213780552830657,True,0.030000000000000027,1.233762963302122,2.9444389791664403
KXHIGHAUS-26JUL09,KXHIGHAUS,Austin (Camp Mabry),2026-07-09,6,98.0,97.4,98.35873015873017,2.4690498887259507,,53,0.5976460489754888,1.1582160572989866,True,0.06999999999999999,0.18939999999999999,0.4620354595965587
KXHIGHCHI-26JUL09,KXHIGHCHI,Chicago (Midway),2026-07-09,6,87.0,83.0,82.7063492063492,2.7951067004971697,,53,1.2103723954132117,2.1575318348253827,True,0.09999999999999998,0.8742302043340463,1.4990140948197275
KXHIGHDEN-26JUL09,KXHIGHDEN,Denver (Intl Airport),2026-07-09,6,91.0,89.7,88.86349206349206,2.995098049293699,,53,0.7493255796613951,1.4850250242284788,True,0.09000000000000002,0.6708785076530612,1.2372587819594028
KXHIGHLAX-26JUL09,KXHIGHLAX,Los Angeles (LAX),2026-07-09,6,74.0,80.0,81.3079365079365,2.045199771583239,,53,1.5005050156414574,7.7565913938534585,True,0.09999999999999998,0.901956502751332,1.4947750041139607
KXHIGHMIA-26JUL09,KXHIGHMIA,Miami (Intl Airport),2026-07-09,6,92.0,91.7,93.19047619047619,1.8823284001154783,,53,0.524967652908635,0.9656540494798956,True,0.05,0.319492883400886,0.5829440404263309
KXHIGHNY-26JUL09,KXHIGHNY,New York (Central Park),2026-07-09,6,82.0,81.8,79.55873015873016,2.7868164501749537,,53,0.03380214061782385,0.15737451628252816,True,0.06000000000000005,0.8007352248091244,1.2674331582431615
KXHIGHAUS-26JUL10,KXHIGHAUS,Austin (Camp Mabry),2026-07-10,6,95.0,93.4,94.353125,2.450430135531534,,54,0.6729953672487984,1.2530916741771878,True,0.020000000000000018,0.8486116055535777,1.4053425560905848
KXHIGHCHI-26JUL10,KXHIGHCHI,Chicago (Midway),2026-07-10,6,82.0,78.4,78.1734375,2.8248106631405894,,54,1.0984338083939948,1.9500174866159747,True,0.010000000000000009,0.4668546597633136,0.8716299610467341
KXHIGHDEN-26JUL10,KXHIGHDEN,Denver (Intl Airport),2026-07-10,6,89.0,89.2,88.39687500000001,2.984829552670653,,54,0.6717762978668731,1.3384765953683293,True,0.04000000000000001,0.7883,1.3862943611198906
KXHIGHLAX-26JUL10,KXHIGHLAX,Los Angeles (LAX),2026-07-10,6,74.0,79.1,80.29374999999999,2.2323862981089038,,54,1.2495418208211746,4.219094056545168,True,0.020000000000000018,0.2510893825061112,0.5583279577509941
KXHIGHMIA-26JUL10,KXHIGHMIA,Miami (Intl Airport),2026-07-10,6,93.0,91.1,92.57187499999999,1.8756882688585532,,54,0.5607232921929599,1.0125313729361454,True,0.020000000000000018,0.7608328375966685,1.0603301020970928
KXHIGHNY-26JUL10,KXHIGHNY,New York (Central Park),2026-07-10,6,85.0,89.3,87.096875,2.786243487385138,,54,0.4652623646576334,0.879026446334185,True,0.010000000000000009,0.2505356596265687,0.49247648509779407
KXHIGHAUS-26JUL11,KXHIGHAUS,Austin (Camp Mabry),2026-07-11,6,90.0,87.6,88.56307692307692,2.4322076487066115,,55,0.07308942148051546,0.2394129235230273,True,0.04,0.6243912494524467,0.9927442875895975
KXHIGHCHI-26JUL11,KXHIGHCHI,Chicago (Midway),2026-07-11,6,83.0,82.2,82.0323076923077,2.8429154773700516,,55,0.755146191818562,1.4189370198600901,True,0.020000000000000018,0.34343481949288335,0.6457449416653612
KXHIGHDEN-26JUL11,KXHIGHDEN,Denver (Intl Airport),2026-07-11,6,94.0,96.2,95.40615384615386,2.9630951107603556,,55,0.7642318560665087,1.5300558706898217,True,0.010000000000000009,1.1905215419501134,2.3025850929940455
KXHIGHLAX-26JUL11,KXHIGHLAX,Los Angeles (LAX),2026-07-11,6,77.0,77.5,78.59692307692308,2.353939356935749,,55,0.6547598586338882,1.2138080742266786,True,0.010000000000000009,1.3308009018723652,3.1110431200649855
KXHIGHMIA-26JUL11,KXHIGHMIA,Miami (Intl Airport),2026-07-11,6,91.0,92.2,93.67846153846155,1.8611467141223432,,55,0.8510338055882861,1.5165513125614258,True,0.020000000000000018,0.9242617631151973,1.363304842895192
KXHIGHNY-26JUL11,KXHIGHNY,New York (Central Park),2026-07-11,6,82.0,79.8,77.56461538461538,2.7727774789290063,,55,1.5290879008262663,2.231770142815734,True,0.030000000000000027,0.54855,0.8324092478934529
KXHIGHAUS-26JUL12,KXHIGHAUS,Austin (Camp Mabry),2026-07-12,6,96.0,89.9,90.88484848484849,2.418757454310852,,56,1.2112429974356047,3.686016741056622,True,0.020000000000000018,1.206,2.7333680090864996
KXHIGHCHI-26JUL12,KXHIGHCHI,Chicago (Midway),2026-07-12,6,86.0,85.7,85.5469696969697,2.82389750866395,,56,0.6759105282678028,1.3392446530742501,True,0.030000000000000027,0.5367717704603023,0.8333765218685953
KXHIGHDEN-26JUL12,KXHIGHDEN,Denver (Intl Airport),2026-07-12,6,95.0,95.1,94.28484848484848,2.9446925253861918,,56,0.6715542102532056,1.3274373633126775,True,0.050000000000000044,0.32442897755122047,0.6543073472436813
KXHIGHLAX-26JUL12,KXHIGHLAX,Los Angeles (LAX),2026-07-12,6,77.0,73.0,74.07272727272728,2.345865063269063,,56,0.8403978362549451,1.6122196369725088,True,0.010000000000000009,0.4065887454048449,0.7952766756363252
KXHIGHMIA-26JUL12,KXHIGHMIA,Miami (Intl Airport),2026-07-12,6,94.0,92.7,94.13787878787879,1.8805235769310948,,56,0.4901276681742706,0.920448916597112,True,0.019999999999999997,0.43054977092877966,0.7455151660772613
KXHIGHNY-26JUL12,KXHIGHNY,New York (Central Park),2026-07-12,6,84.0,85.6,83.43181818181817,2.8125073948757726,,56,0.7070487056323482,1.3498970528730296,True,0.019999999999999962,0.6033744648703098,0.9728863994977891
KXHIGHAUS-26JUL13,KXHIGHAUS,Austin (Camp Mabry),2026-07-13,6,94.0,91.4,92.46119402985076,2.4747614894504903,,57,0.6459230713896645,1.2422662227926469,True,0.03,0.6165991139598452,1.0651962917482654
KXHIGHCHI-26JUL13,KXHIGHCHI,Chicago (Midway),2026-07-13,6,92.0,94.2,94.05373134328359,2.803336556716111,,57,0.9327542114308058,1.6753117373252489,True,0.020000000000000018,0.7283978119353481,1.2257674641533562
KXHIGHDEN-26JUL13,KXHIGHDEN,Denver (Intl Airport),2026-07-13,6,97.0,96.2,95.3955223880597,2.924361939426354,,57,0.7839615288888463,1.5672265801900478,True,0.04999999999999999,0.3684640522875816,0.6267721116150725
KXHIGHLAX-26JUL13,KXHIGHLAX,Los Angeles (LAX),2026-07-13,6,75.0,75.4,76.51641791044777,2.3521601719461795,,57,0.7651572450278784,1.1987682848019936,True,0.010000000000000009,1.1039179675543314,1.4381194289844765
KXHIGHMIA-26JUL13,KXHIGHMIA,Miami (Intl Airport),2026-07-13,6,93.0,92.6,94.03582089552238,1.866748363837222,,57,0.688921788337583,1.2043823708348724,True,0.019999999999999907,0.7896252230814992,1.1798752527468754
KXHIGHNY-26JUL13,KXHIGHNY,New York (Central Park),2026-07-13,6,84.0,86.7,84.5402985074627,2.793270400848492,,57,0.6465789345714182,1.2742834362098532,True,0.020000000000000018,0.28343323060496495,0.5858181603294468
KXHIGHAUS-26JUL14,KXHIGHAUS,Austin (Camp Mabry),2026-07-14,6,80.0,79.7,80.78382352941176,2.462021740518071,,58,0.007467037444456197,0.0678487963750873,True,0.04999999999999993,0.16679234612121768,0.37911627841141243
KXHIGHCHI-26JUL14,KXHIGHCHI,Chicago (Midway),2026-07-14,6,96.0,98.5,98.32352941176471,2.7933506505103685,,58,0.7486615704590215,1.4783597841195903,True,0.020000000000000018,0.27919999999999995,0.616186139423817
KXHIGHDEN-26JUL14,KXHIGHDEN,Denver (Intl Airport),2026-07-14,6,95.0,93.5,92.71911764705882,2.910142948195748,,58,0.9775020156815629,1.7524604630473273,True,0.020000000000000018,0.68272718360945,1.149384614041533
KXHIGHLAX-26JUL14,KXHIGHLAX,Los Angeles (LAX),2026-07-14,6,77.0,73.9,74.99411764705883,2.3434725139352754,,58,0.7170333131057648,1.3016647031464696,True,0.020000000000000018,0.33676398515718,0.6883278941239966
KXHIGHMIA-26JUL14,KXHIGHMIA,Miami (Intl Airport),2026-07-14,6,94.0,92.6,94.02058823529411,1.858883548262346,,58,0.49532439758645963,0.9232512473688707,True,0.019999999999999962,0.5417218840547157,0.8300695564270262
KXHIGHNY-26JUL14,KXHIGHNY,New York (Central Park),2026-07-14,6,90.0,96.0,93.83235294117647,2.7725065263094804,,58,0.9212922084905187,1.9587551157733751,True,0.029999999999999916,1.276326530612245,3.149882953381249
KXHIGHAUS-26JUL15,KXHIGHAUS,Austin (Camp Mabry),2026-07-15,6,80.0,78.2,79.27246376811594,2.446635950781226,,59,0.0536301633873121,0.2000290043667808,True,0.02999999999999997,0.2061335115467439,0.4434925036974035
KXHIGHCHI-26JUL15,KXHIGHCHI,Chicago (Midway),2026-07-15,6,95.0,100.3,100.08985507246376,2.786565309972046,,59,1.10403570979476,3.0004446468573205,True,0.040000000000000036,0.3985099958121183,0.7363193524251538
KXHIGHDEN-26JUL15,KXHIGHDEN,Denver (Intl Airport),2026-07-15,6,94.0,92.1,91.35217391304347,2.9030711757456387,,59,0.7883548825731788,1.5742345353841174,True,0.030000000000000002,0.39772834385898764,0.7739992771890404
KXHIGHLAX-26JUL15,KXHIGHLAX,Los Angeles (LAX),2026-07-15,6,81.0,81.4,82.5231884057971,2.3367491868708044,,59,0.7714958016873168,1.45729039096894,True,0.020000000000000018,0.3795655517108805,0.7642431022436756
KXHIGHMIA-26JUL15,KXHIGHMIA,Miami (Intl Airport),2026-07-15,6,94.0,93.0,94.42028985507247,1.8453991417697835,,59,0.4684014100662299,0.8873234783877398,True,0.020000000000000018,0.2564488339925744,0.5174154334450461
KXHIGHNY-26JUL15,KXHIGHNY,New York (Central Park),2026-07-15,6,95.0,101.0,98.7768115942029,2.7838489455782915,,59,0.8043045363073907,1.5764033917181335,True,0.03999999999999998,0.29937688160750536,0.5705448584676126
KXHIGHAUS-26JUL16,KXHIGHAUS,Austin (Camp Mabry),2026-07-16,6,90.0,83.4,84.48285714285714,2.4299724650205428,,60,1.2456566138463683,4.043496760281807,True,0.09999999999999998,0.9172139986275857,1.8117601359347246
KXHIGHCHI-26JUL16,KXHIGHCHI,Chicago (Midway),2026-07-16,6,91.0,96.7,96.41714285714286,2.830848804911386,,60,1.1211369244236193,3.189441307188739,True,0.09999999999999998,0.18721075115699531,0.4366053488438875
KXHIGHDEN-26JUL16,KXHIGHDEN,Denver (Intl Airport),2026-07-16,6,93.0,90.3,89.59,2.90069449812085,,60,1.0344805216410093,2.183702439251689,True,0.10000000000000003,0.4271882355796064,0.7806064858885314
KXHIGHLAX-26JUL16,KXHIGHLAX,Los Angeles (LAX),2026-07-16,6,84.0,87.1,88.20142857142856,2.328513959476133,,60,1.5250886715086678,3.020244149546852,True,0.07,0.6548631656804733,1.132845460310352
KXHIGHMIA-26JUL16,KXHIGHMIA,Miami (Intl Airport),2026-07-16,6,97.0,90.6,92.0142857142857,1.8335121389967395,,60,1.2398868903978346,3.6024293100785996,True,0.05,0.8205285174982143,1.245215762859985
KXHIGHNY-26JUL16,KXHIGHNY,New York (Central Park),2026-07-16,6,85.0,95.1,92.82285714285713,2.7937932039562816,,60,1.0803264508542245,2.798611458735304,True,0.09000000000000002,0.8013336448002717,1.4678743481123133
KXHIGHAUS-26JUL17,KXHIGHAUS,Austin (Camp Mabry),2026-07-17,6,94.0,92.3,93.46056338028168,2.4939377310982502,,61,0.6634039882357378,1.2484682225942125,True,0.060000000000000026,0.8260317460317459,1.4350845252893227
KXHIGHCHI-26JUL17,KXHIGHCHI,Chicago (Midway),2026-07-17,6,94.0,93.0,92.64084507042253,2.881220463870796,,61,0.6767781261689795,1.3466245275526794,True,0.03,0.9871395514417943,1.8600787132055323
KXHIGHDEN-26JUL17,KXHIGHDEN,Denver (Intl Airport),2026-07-17,6,92.0,91.3,90.63802816901408,2.9096857603273483,,61,0.8150440626680263,1.510195252236711,True,0.04999999999999999,0.4523526230394808,0.8273432458576587
KXHIGHLAX-26JUL17,KXHIGHLAX,Los Angeles (LAX),2026-07-17,6,86.0,84.6,85.64225352112675,2.3682474515432212,,61,0.0004120099438063137,0.015065933264973855,True,0.010000000000000009,0.23553069526627218,0.5092243423990169
KXHIGHMIA-26JUL17,KXHIGHMIA,Miami (Intl Airport),2026-07-17,6,94.0,96.3,97.78450704225352,1.9054974071017505,,61,1.2234630593141738,2.272923812779052,True,0.010000000000000009,0.3469338715878509,0.6833910056145807
KXHIGHNY-26JUL17,KXHIGHNY,New York (Central Park),2026-07-17,6,86.0,90.0,87.61267605633803,2.9107993080394245,,61,0.7845378375321018,1.5669531400804813,True,0.020000000000000004,0.5561227993864609,1.0248461384285004
KXHIGHAUS-26JUL18,KXHIGHAUS,Austin (Camp Mabry),2026-07-18,6,95.0,96.3,97.46805555555555,2.4768735612582677,,62,1.0397229306020446,1.839744809442044,True,0.03999999999999998,0.5153298507791664,0.9918443132424035
KXHIGHCHI-26JUL18,KXHIGHCHI,Chicago (Midway),2026-07-18,6,91.0,94.9,94.55972222222223,2.8658799908578367,,62,0.9077643788897125,1.8460647843976494,True,0.010000000000000009,0.7432840041474219,1.357584255237459
KXHIGHDEN-26JUL18,KXHIGHDEN,Denver (Intl Airport),2026-07-18,6,94.0,91.4,90.75694444444446,2.894394302647958,,62,0.9701131147012547,1.7398590328439274,True,0.010000000000000009,0.41221940780854227,0.7708561648872615
KXHIGHLAX-26JUL18,KXHIGHLAX,Los Angeles (LAX),2026-07-18,6,78.0,82.3,83.34722222222221,2.3518098840670794,,62,1.8137791055601862,3.1127094382839178,True,0.010000000000000009,1.0601211072664358,1.4679723921341579
KXHIGHMIA-26JUL18,KXHIGHMIA,Miami (Intl Airport),2026-07-18,6,91.0,92.3,93.73194444444444,1.9488311270905472,,62,1.0635662252408589,2.197303164203584,True,0.020000000000000018,0.6575856779835628,1.0248461384285004
KXHIGHNY-26JUL18,KXHIGHNY,New York (Central Park),2026-07-18,6,76.0,90.2,87.79027777777777,2.894092600457699,,62,1.5001174898018625,7.318007336168106,True,0.020000000000000018,0.72644325268752,1.2356685351360677
KXHIGHAUS-26JUL19,KXHIGHAUS,Austin (Camp Mabry),2026-07-19,6,95.0,95.9,97.03424657534246,2.4786740562351444,,63,0.7010006555105464,1.3417676677586179,True,0.04999999999999993,0.33718820861678,0.6557596484883249
KXHIGHCHI-26JUL19,KXHIGHCHI,Chicago (Midway),2026-07-19,6,79.0,80.5,80.1109589041096,2.8752550884661754,,63,0.7395708532448085,1.4526704777846056,True,0.030000000000000002,0.9401573761819745,1.6724127115954885
KXHIGHDEN-26JUL19,KXHIGHDEN,Denver (Intl Airport),2026-07-19,6,98.0,96.8,96.2013698630137,2.900416320151337,,63,0.7064268433719009,1.4066303042668178,True,0.039999999999999994,0.19652978886661213,0.4591178216004843
KXHIGHLAX-26JUL19,KXHIGHLAX,Los Angeles (LAX),2026-07-19,6,78.0,77.9,78.87397260273973,2.4211237106797063,,63,0.7020406537470283,1.2902241628030204,True,0.020000000000000018,0.3946901462231307,0.7771471549726836
KXHIGHMIA-26JUL19,KXHIGHMIA,Miami (Intl Airport),2026-07-19,6,91.0,93.3,94.6945205479452,1.9650052550829529,,63,1.221081235842435,3.0385643386887047,True,0.010000000000000009,0.9476237095051621,1.4647659765613856
KXHIGHNY-26JUL19,KXHIGHNY,New York (Central Park),2026-07-19,6,79.0,81.2,78.62876712328767,3.1668600844089023,,63,0.2140187099891557,0.49694919369860086,True,0.02999999999999997,0.6529952157408864,1.0891782564347507
KXHIGHAUS-26JUL20,KXHIGHAUS,Austin (Camp Mabry),2026-07-20,6,97.0,98.3,99.40675675675675,2.474730442419925,,64,0.7988159497315654,1.4399120602510065,True,0.04000000000000001,0.3237795857988165,0.6554068525770982
KXHIGHCHI-26JUL20,KXHIGHCHI,Chicago (Midway),2026-07-20,6,82.0,92.5,92.09594594594594,2.858359449616796,,64,1.5463334846578958,7.839795302390957,True,0.03,1.1992702029191882,3.4106761256166993
KXHIGHDEN-26JUL20,KXHIGHDEN,Denver (Intl Airport),2026-07-20,6,100.0,99.5,98.92567567567568,2.888894701010841,,64,0.6660213095125798,1.3254616604010543,True,0.010000000000000009,0.22986351403306424,0.5059356384717989
KXHIGHLAX-26JUL20,KXHIGHLAX,Los Angeles (LAX),2026-07-20,6,83.0,77.2,78.16216216216216,2.4074672510222097,,64,0.9059111037006928,1.7972457763470455,True,0.020000000000000018,0.9217737689155467,1.5811341362712488
KXHIGHMIA-26JUL20,KXHIGHMIA,Miami (Intl Airport),2026-07-20,6,93.0,90.4,91.7445945945946,2.0023752503562604,,64,0.7338630362180077,1.3145619348698931,True,0.03,0.5498042627229229,0.8536978822326711
KXHIGHNY-26JUL20,KXHIGHNY,New York (Central Park),2026-07-20,6,81.0,84.5,81.93378378378378,3.1462351672745315,,64,0.7045405680746566,1.3979108011541075,True,0.030000000000000027,0.4596530670722299,0.8395035886603847
KXHIGHAUS-26JUL21,KXHIGHAUS,Austin (Camp Mabry),2026-07-21,6,101.0,102.0,103.07466666666667,2.475514174798768,,65,0.9136788436046257,1.3507073907710478,True,0.010000000000000009,0.3377981488074047,0.6470560733596782
KXHIGHCHI-26JUL21,KXHIGHCHI,Chicago (Midway),2026-07-21,6,86.0,86.8,86.26133333333333,3.0635409771241053,,65,0.6874880902146205,1.365923745229346,True,0.01999999999999999,0.7159386829176622,1.2553570036724147
KXHIGHDEN-26JUL21,KXHIGHDEN,Denver (Intl Airport),2026-07-21,6,96.0,94.9,94.34,2.87259232517715,,65,0.7135365144977801,1.3793365745151902,True,0.04999999999999999,0.5945303210463734,1.079099474444528
KXHIGHLAX-26JUL21,KXHIGHLAX,Los Angeles (LAX),2026-07-21,6,81.0,82.2,83.22666666666667,2.4514110826820326,,65,0.029524603579818703,0.14272542895155493,True,0.010000000000000009,0.2301085795656817,0.46623714645025865
KXHIGHMIA-26JUL21,KXHIGHMIA,Miami (Intl Airport),2026-07-21,6,92.0,93.3,94.66133333333333,1.9926718486234252,,65,1.0387499262971807,2.114813314932227,True,0.020000000000000018,0.6180719305876698,0.8649974374866044
KXHIGHNY-26JUL21,KXHIGHNY,New York (Central Park),2026-07-21,6,81.0,79.4,76.82133333333334,3.1256586482188338,,65,1.3651837908532818,2.4652444954878177,True,0.020000000000000018,0.9820983356169,1.6382860667717585
KXHIGHAUS-26JUL22,KXHIGHAUS,Austin (Camp Mabry),2026-07-22,6,104.0,106.7,107.74736842105263,2.472053449617042,,66,1.3765501065262598,2.5562582632223774,True,0.03,0.22654538895617007,0.5210297939402325
KXHIGHCHI-26JUL22,KXHIGHCHI,Chicago (Midway),2026-07-22,6,73.0,72.5,71.9578947368421,3.043384719774791,,66,0.7358584060821439,1.4804531948150375,True,0.010000000000000009,0.24151395251978347,0.5507268405181768
KXHIGHDEN-26JUL22,KXHIGHDEN,Denver (Intl Airport),2026-07-22,6,95.0,95.3,94.76184210526316,2.8604453161513046,,66,0.7387965497379418,1.300994675845979,True,0.03,0.91646253519837,1.3169825612296615
KXHIGHLAX-26JUL22,KXHIGHLAX,Los Angeles (LAX),2026-07-22,6,77.0,76.1,77.09736842105262,2.450005467263181,,66,0.6055884468544707,1.1621113590452976,True,0.030000000000000027,0.7771117959669004,1.3813803463174616
KXHIGHMIA-26JUL22,KXHIGHMIA,Miami (Intl Airport),2026-07-22,6,92.0,91.7,93.02631578947368,2.0057031602243534,,66,0.5326396959987163,0.994206480317163,True,0.02,0.1795724234997209,0.40793120060335775
KXHIGHNY-26JUL22,KXHIGHNY,New York (Central Park),2026-07-22,6,85.0,85.5,82.97631578947369,3.14719496761225,,66,0.946691298059259,1.502324547445217,True,0.01999999999999999,0.2957361898760764,0.6053309745530283
KXHIGHAUS-26JUL23,KXHIGHAUS,Austin (Camp Mabry),2026-07-23,6,100.0,100.4,101.3987012987013,2.4949190635431604,,67,0.7506243218071204,1.4409862164442937,True,0.07,0.2856307790413436,0.5765102768341847
KXHIGHCHI-26JUL23,KXHIGHCHI,Chicago (Midway),2026-07-23,6,77.0,79.6,79.07142857142857,3.026169979402241,,67,0.8253916890966128,1.699259991591287,True,0.05000000000000002,0.8759628299662838,1.4680837941283686
KXHIGHDEN-26JUL23,KXHIGHDEN,Denver (Intl Airport),2026-07-23,6,88.0,87.2,86.66493506493507,2.8420140558888276,,67,0.7552759338386217,1.4907805009513493,True,0.08000000000000002,0.5607889546351085,0.9963334395476915
KXHIGHLAX-26JUL23,KXHIGHLAX,Los Angeles (LAX),2026-07-23,6,80.0,85.0,85.99610389610389,2.434136561094798,,67,1.2923294942219479,4.5154569399184,True,0.07999999999999999,0.7616410155867072,1.3570239788197773
KXHIGHMIA-26JUL23,KXHIGHMIA,Miami (Intl Airport),2026-07-23,6,93.0,94.1,95.412987012987,1.997165732069921,,67,1.0874859578390779,1.9377448641906212,True,0.029999999999999916,0.13863286280649476,0.37332389889636736
KXHIGHNY-26JUL23,KXHIGHNY,New York (Central Park),2026-07-23,6,79.0,82.4,79.90259740259741,3.1378073310115737,,67,0.7420386007174584,1.3940852237261323,False,0.15000000000000002,0.4161928234586348,0.7999772041971314
KXHIGHAUS-26JUL24,KXHIGHAUS,Austin (Camp Mabry),2026-07-24,6,96.0,92.8,93.78076923076922,2.484779490309044,,68,0.7644773824650042,1.389430843580601,True,0.020000000000000018,0.3715060048889361,0.6828906803927562
KXHIGHCHI-26JUL24,KXHIGHCHI,Chicago (Midway),2026-07-24,6,79.0,81.9,81.3448717948718,3.0151142247288596,,68,0.8522564180550015,1.7767268734965498,True,0.019999999999999962,0.6605654174884945,1.05349185338764
KXHIGHDEN-26JUL24,KXHIGHDEN,Denver (Intl Airport),2026-07-24,6,96.0,94.6,94.08205128205128,2.828137384348857,,68,0.7230013307571439,1.4066151899976922,True,0.010000000000000009,0.6752691272587465,1.0276605526958253
KXHIGHLAX-26JUL24,KXHIGHLAX,Los Angeles (LAX),2026-07-24,6,78.0,86.2,87.11923076923077,2.5145507366871103,,68,1.3193794045658227,6.706824597113224,True,0.010000000000000009,1.1689500000000004,2.4651040224918206
KXHIGHMIA-26JUL24,KXHIGHMIA,Miami (Intl Airport),2026-07-24,6,93.0,88.8,90.08205128205128,2.0053720062103273,,68,1.070106212575142,2.300943138114335,True,0.04000000000000001,0.90008596178007,1.490091154801534
KXHIGHNY-26JUL24,KXHIGHNY,New York (Central Park),2026-07-24,6,83.0,84.3,81.79102564102564,3.118090709788912,,68,0.8089853416878491,1.5251611172844868,True,0.02,0.9608848559692879,1.4560276991345658
