issue_ts,series,event_ticker,event_date,ticker,strike_type,floor,cap,p_model,mu,sigma,n_errors,yes_bid,yes_ask,model,n_members,spread
2026-07-24T23:42:45+00:00,KXHIGHNY,KXHIGHNY-26JUL25,2026-07-25,KXHIGHNY-26JUL25-T80,less,,80.0,0.4501,79.89,3.12,68,0.09,0.11,,,
2026-07-24T23:42:45+00:00,KXHIGHNY,KXHIGHNY-26JUL25,2026-07-25,KXHIGHNY-26JUL25-B80.5,between,80.0,81.0,0.247,79.89,3.12,68,0.51,0.52,,,
2026-07-24T23:42:45+00:00,KXHIGHNY,KXHIGHNY-26JUL25,2026-07-25,KXHIGHNY-26JUL25-B82.5,between,82.0,83.0,0.1794,79.89,3.12,68,0.36,0.38,,,
2026-07-24T23:42:45+00:00,KXHIGHNY,KXHIGHNY-26JUL25,2026-07-25,KXHIGHNY-26JUL25-B84.5,between,84.0,85.0,0.0875,79.89,3.12,68,0.02,0.03,,,
2026-07-24T23:42:45+00:00,KXHIGHNY,KXHIGHNY-26JUL25,2026-07-25,KXHIGHNY-26JUL25-B86.5,between,86.0,87.0,0.0287,79.89,3.12,68,0.01,0.02,,,
2026-07-24T23:42:45+00:00,KXHIGHNY,KXHIGHNY-26JUL25,2026-07-25,KXHIGHNY-26JUL25-T87,greater,87.0,,0.0073,79.89,3.12,68,0.0,0.01,,,
2026-07-24T23:42:45+00:00,KXHIGHCHI,KXHIGHCHI-26JUL25,2026-07-25,KXHIGHCHI-26JUL25-T80,less,,80.0,0.0899,83.54,3.02,68,0.07,0.08,,,
2026-07-24T23:42:45+00:00,KXHIGHCHI,KXHIGHCHI-26JUL25,2026-07-25,KXHIGHCHI-26JUL25-B80.5,between,80.0,81.0,0.1589,83.54,3.02,68,0.16,0.18,,,
2026-07-24T23:42:45+00:00,KXHIGHCHI,KXHIGHCHI-26JUL25,2026-07-25,KXHIGHCHI-26JUL25-B82.5,between,82.0,83.0,0.2452,83.54,3.02,68,0.42,0.43,,,
2026-07-24T23:42:45+00:00,KXHIGHCHI,KXHIGHCHI-26JUL25,2026-07-25,KXHIGHCHI-26JUL25-B84.5,between,84.0,85.0,0.2476,83.54,3.02,68,0.25,0.29,,,
2026-07-24T23:42:45+00:00,KXHIGHCHI,KXHIGHCHI-26JUL25,2026-07-25,KXHIGHCHI-26JUL25-B86.5,between,86.0,87.0,0.1636,83.54,3.02,68,0.05,0.07,,,
2026-07-24T23:42:45+00:00,KXHIGHCHI,KXHIGHCHI-26JUL25,2026-07-25,KXHIGHCHI-26JUL25-T87,greater,87.0,,0.0948,83.54,3.02,68,0.02,0.03,,,
2026-07-24T23:42:45+00:00,KXHIGHMIA,KXHIGHMIA-26JUL25,2026-07-25,KXHIGHMIA-26JUL25-T88,less,,88.0,0.0459,90.88,2.01,68,0.0,0.01,,,
2026-07-24T23:42:45+00:00,KXHIGHMIA,KXHIGHMIA-26JUL25,2026-07-25,KXHIGHMIA-26JUL25-B88.5,between,88.0,89.0,0.1995,90.88,2.01,68,0.04,0.06,,,
2026-07-24T23:42:45+00:00,KXHIGHMIA,KXHIGHMIA-26JUL25,2026-07-25,KXHIGHMIA-26JUL25-B90.5,between,90.0,91.0,0.3757,90.88,2.01,68,0.16,0.17,,,
2026-07-24T23:42:45+00:00,KXHIGHMIA,KXHIGHMIA-26JUL25,2026-07-25,KXHIGHMIA-26JUL25-B92.5,between,92.0,93.0,0.2831,90.88,2.01,68,0.6,0.61,,,
2026-07-24T23:42:45+00:00,KXHIGHMIA,KXHIGHMIA-26JUL25,2026-07-25,KXHIGHMIA-26JUL25-B94.5,between,94.0,95.0,0.0852,90.88,2.01,68,0.23,0.24,,,
2026-07-24T23:42:45+00:00,KXHIGHMIA,KXHIGHMIA-26JUL25,2026-07-25,KXHIGHMIA-26JUL25-T95,greater,95.0,,0.0106,90.88,2.01,68,0.01,0.02,,,
2026-07-24T23:42:45+00:00,KXHIGHAUS,KXHIGHAUS-26JUL25,2026-07-25,KXHIGHAUS-26JUL25-T95,less,,95.0,0.2012,96.58,2.48,68,0.04,0.05,,,
2026-07-24T23:42:45+00:00,KXHIGHAUS,KXHIGHAUS-26JUL25,2026-07-25,KXHIGHAUS-26JUL25-B95.5,between,95.0,96.0,0.2859,96.58,2.48,68,0.49,0.5,,,
2026-07-24T23:42:45+00:00,KXHIGHAUS,KXHIGHAUS-26JUL25,2026-07-25,KXHIGHAUS-26JUL25-B97.5,between,97.0,98.0,0.293,96.58,2.48,68,0.37,0.38,,,
2026-07-24T23:42:45+00:00,KXHIGHAUS,KXHIGHAUS-26JUL25,2026-07-25,KXHIGHAUS-26JUL25-B99.5,between,99.0,100.0,0.1626,96.58,2.48,68,0.11,0.12,,,
2026-07-24T23:42:45+00:00,KXHIGHAUS,KXHIGHAUS-26JUL25,2026-07-25,KXHIGHAUS-26JUL25-B101.5,between,101.0,102.0,0.0488,96.58,2.48,68,0.01,0.03,,,
2026-07-24T23:42:45+00:00,KXHIGHAUS,KXHIGHAUS-26JUL25,2026-07-25,KXHIGHAUS-26JUL25-T102,greater,102.0,,0.0086,96.58,2.48,68,0.01,0.03,,,
2026-07-24T23:42:45+00:00,KXHIGHDEN,KXHIGHDEN-26JUL25,2026-07-25,KXHIGHDEN-26JUL25-T94,less,,94.0,0.0144,99.68,2.83,68,0.01,0.02,,,
2026-07-24T23:42:45+00:00,KXHIGHDEN,KXHIGHDEN-26JUL25,2026-07-25,KXHIGHDEN-26JUL25-B94.5,between,94.0,95.0,0.0552,99.68,2.83,68,0.01,0.05,,,
2026-07-24T23:42:45+00:00,KXHIGHDEN,KXHIGHDEN-26JUL25,2026-07-25,KXHIGHDEN-26JUL25-B96.5,between,96.0,97.0,0.1506,99.68,2.83,68,0.06,0.1,,,
2026-07-24T23:42:45+00:00,KXHIGHDEN,KXHIGHDEN-26JUL25,2026-07-25,KXHIGHDEN-26JUL25-B98.5,between,98.0,99.0,0.2541,99.68,2.83,68,0.47,0.49,,,
2026-07-24T23:42:45+00:00,KXHIGHDEN,KXHIGHDEN-26JUL25,2026-07-25,KXHIGHDEN-26JUL25-B100.5,between,100.0,101.0,0.2655,99.68,2.83,68,0.38,0.39,,,
2026-07-24T23:42:45+00:00,KXHIGHDEN,KXHIGHDEN-26JUL25,2026-07-25,KXHIGHDEN-26JUL25-T101,greater,101.0,,0.2602,99.68,2.83,68,0.08,0.09,,,
2026-07-24T23:42:45+00:00,KXHIGHLAX,KXHIGHLAX-26JUL25,2026-07-25,KXHIGHLAX-26JUL25-T79,less,,79.0,0.1782,80.82,2.51,68,0.25,0.29,,,
2026-07-24T23:42:45+00:00,KXHIGHLAX,KXHIGHLAX-26JUL25,2026-07-25,KXHIGHLAX-26JUL25-B79.5,between,79.0,80.0,0.2713,80.82,2.51,68,0.44,0.46,,,
2026-07-24T23:42:45+00:00,KXHIGHLAX,KXHIGHLAX-26JUL25,2026-07-25,KXHIGHLAX-26JUL25-B81.5,between,81.0,82.0,0.2986,80.82,2.51,68,0.23,0.24,,,
2026-07-24T23:42:45+00:00,KXHIGHLAX,KXHIGHLAX-26JUL25,2026-07-25,KXHIGHLAX-26JUL25-B83.5,between,83.0,84.0,0.1803,80.82,2.51,68,0.05,0.06,,,
2026-07-24T23:42:45+00:00,KXHIGHLAX,KXHIGHLAX-26JUL25,2026-07-25,KXHIGHLAX-26JUL25-B85.5,between,85.0,86.0,0.0597,80.82,2.51,68,0.02,0.03,,,
2026-07-24T23:42:45+00:00,KXHIGHLAX,KXHIGHLAX-26JUL25,2026-07-25,KXHIGHLAX-26JUL25-T86,greater,86.0,,0.0119,80.82,2.51,68,0.01,0.02,,,
2026-07-24T23:44:27+00:00,KXHIGHNY,KXHIGHNY-26JUL25,2026-07-25,KXHIGHNY-26JUL25-T80,less,,80.0,0.4501,79.89,3.12,68,0.09,0.11,,,
2026-07-24T23:44:27+00:00,KXHIGHNY,KXHIGHNY-26JUL25,2026-07-25,KXHIGHNY-26JUL25-B80.5,between,80.0,81.0,0.247,79.89,3.12,68,0.51,0.52,,,
2026-07-24T23:44:27+00:00,KXHIGHNY,KXHIGHNY-26JUL25,2026-07-25,KXHIGHNY-26JUL25-B82.5,between,82.0,83.0,0.1794,79.89,3.12,68,0.36,0.38,,,
2026-07-24T23:44:27+00:00,KXHIGHNY,KXHIGHNY-26JUL25,2026-07-25,KXHIGHNY-26JUL25-B84.5,between,84.0,85.0,0.0875,79.89,3.12,68,0.02,0.03,,,
2026-07-24T23:44:27+00:00,KXHIGHNY,KXHIGHNY-26JUL25,2026-07-25,KXHIGHNY-26JUL25-B86.5,between,86.0,87.0,0.0287,79.89,3.12,68,0.01,0.02,,,
2026-07-24T23:44:27+00:00,KXHIGHNY,KXHIGHNY-26JUL25,2026-07-25,KXHIGHNY-26JUL25-T87,greater,87.0,,0.0073,79.89,3.12,68,0.0,0.01,,,
2026-07-24T23:44:27+00:00,KXHIGHCHI,KXHIGHCHI-26JUL25,2026-07-25,KXHIGHCHI-26JUL25-T80,less,,80.0,0.0899,83.54,3.02,68,0.07,0.08,,,
2026-07-24T23:44:27+00:00,KXHIGHCHI,KXHIGHCHI-26JUL25,2026-07-25,KXHIGHCHI-26JUL25-B80.5,between,80.0,81.0,0.1589,83.54,3.02,68,0.15,0.19,,,
2026-07-24T23:44:27+00:00,KXHIGHCHI,KXHIGHCHI-26JUL25,2026-07-25,KXHIGHCHI-26JUL25-B82.5,between,82.0,83.0,0.2452,83.54,3.02,68,0.42,0.43,,,
2026-07-24T23:44:27+00:00,KXHIGHCHI,KXHIGHCHI-26JUL25,2026-07-25,KXHIGHCHI-26JUL25-B84.5,between,84.0,85.0,0.2476,83.54,3.02,68,0.25,0.29,,,
2026-07-24T23:44:27+00:00,KXHIGHCHI,KXHIGHCHI-26JUL25,2026-07-25,KXHIGHCHI-26JUL25-B86.5,between,86.0,87.0,0.1636,83.54,3.02,68,0.05,0.07,,,
2026-07-24T23:44:27+00:00,KXHIGHCHI,KXHIGHCHI-26JUL25,2026-07-25,KXHIGHCHI-26JUL25-T87,greater,87.0,,0.0948,83.54,3.02,68,0.02,0.03,,,
2026-07-24T23:44:27+00:00,KXHIGHMIA,KXHIGHMIA-26JUL25,2026-07-25,KXHIGHMIA-26JUL25-T88,less,,88.0,0.0459,90.88,2.01,68,0.0,0.01,,,
2026-07-24T23:44:27+00:00,KXHIGHMIA,KXHIGHMIA-26JUL25,2026-07-25,KXHIGHMIA-26JUL25-B88.5,between,88.0,89.0,0.1995,90.88,2.01,68,0.04,0.06,,,
2026-07-24T23:44:27+00:00,KXHIGHMIA,KXHIGHMIA-26JUL25,2026-07-25,KXHIGHMIA-26JUL25-B90.5,between,90.0,91.0,0.3757,90.88,2.01,68,0.15,0.18,,,
2026-07-24T23:44:27+00:00,KXHIGHMIA,KXHIGHMIA-26JUL25,2026-07-25,KXHIGHMIA-26JUL25-B92.5,between,92.0,93.0,0.2831,90.88,2.01,68,0.6,0.61,,,
2026-07-24T23:44:27+00:00,KXHIGHMIA,KXHIGHMIA-26JUL25,2026-07-25,KXHIGHMIA-26JUL25-B94.5,between,94.0,95.0,0.0852,90.88,2.01,68,0.22,0.23,,,
2026-07-24T23:44:27+00:00,KXHIGHMIA,KXHIGHMIA-26JUL25,2026-07-25,KXHIGHMIA-26JUL25-T95,greater,95.0,,0.0106,90.88,2.01,68,0.01,0.02,,,
2026-07-24T23:44:27+00:00,KXHIGHAUS,KXHIGHAUS-26JUL25,2026-07-25,KXHIGHAUS-26JUL25-T95,less,,95.0,0.2012,96.58,2.48,68,0.04,0.05,,,
2026-07-24T23:44:27+00:00,KXHIGHAUS,KXHIGHAUS-26JUL25,2026-07-25,KXHIGHAUS-26JUL25-B95.5,between,95.0,96.0,0.2859,96.58,2.48,68,0.49,0.5,,,
2026-07-24T23:44:27+00:00,KXHIGHAUS,KXHIGHAUS-26JUL25,2026-07-25,KXHIGHAUS-26JUL25-B97.5,between,97.0,98.0,0.293,96.58,2.48,68,0.37,0.38,,,
2026-07-24T23:44:27+00:00,KXHIGHAUS,KXHIGHAUS-26JUL25,2026-07-25,KXHIGHAUS-26JUL25-B99.5,between,99.0,100.0,0.1626,96.58,2.48,68,0.11,0.12,,,
2026-07-24T23:44:27+00:00,KXHIGHAUS,KXHIGHAUS-26JUL25,2026-07-25,KXHIGHAUS-26JUL25-B101.5,between,101.0,102.0,0.0488,96.58,2.48,68,0.01,0.03,,,
2026-07-24T23:44:27+00:00,KXHIGHAUS,KXHIGHAUS-26JUL25,2026-07-25,KXHIGHAUS-26JUL25-T102,greater,102.0,,0.0086,96.58,2.48,68,0.01,0.03,,,
2026-07-24T23:44:27+00:00,KXHIGHDEN,KXHIGHDEN-26JUL25,2026-07-25,KXHIGHDEN-26JUL25-T94,less,,94.0,0.0144,99.68,2.83,68,0.01,0.02,,,
2026-07-24T23:44:27+00:00,KXHIGHDEN,KXHIGHDEN-26JUL25,2026-07-25,KXHIGHDEN-26JUL25-B94.5,between,94.0,95.0,0.0552,99.68,2.83,68,0.01,0.05,,,
2026-07-24T23:44:27+00:00,KXHIGHDEN,KXHIGHDEN-26JUL25,2026-07-25,KXHIGHDEN-26JUL25-B96.5,between,96.0,97.0,0.1506,99.68,2.83,68,0.06,0.1,,,
2026-07-24T23:44:27+00:00,KXHIGHDEN,KXHIGHDEN-26JUL25,2026-07-25,KXHIGHDEN-26JUL25-B98.5,between,98.0,99.0,0.2541,99.68,2.83,68,0.47,0.49,,,
2026-07-24T23:44:27+00:00,KXHIGHDEN,KXHIGHDEN-26JUL25,2026-07-25,KXHIGHDEN-26JUL25-B100.5,between,100.0,101.0,0.2655,99.68,2.83,68,0.38,0.39,,,
2026-07-24T23:44:27+00:00,KXHIGHDEN,KXHIGHDEN-26JUL25,2026-07-25,KXHIGHDEN-26JUL25-T101,greater,101.0,,0.2602,99.68,2.83,68,0.08,0.09,,,
2026-07-24T23:44:27+00:00,KXHIGHLAX,KXHIGHLAX-26JUL25,2026-07-25,KXHIGHLAX-26JUL25-T79,less,,79.0,0.1782,80.82,2.51,68,0.26,0.29,,,
2026-07-24T23:44:27+00:00,KXHIGHLAX,KXHIGHLAX-26JUL25,2026-07-25,KXHIGHLAX-26JUL25-B79.5,between,79.0,80.0,0.2713,80.82,2.51,68,0.44,0.45,,,
2026-07-24T23:44:27+00:00,KXHIGHLAX,KXHIGHLAX-26JUL25,2026-07-25,KXHIGHLAX-26JUL25-B81.5,between,81.0,82.0,0.2986,80.82,2.51,68,0.21,0.22,,,
2026-07-24T23:44:27+00:00,KXHIGHLAX,KXHIGHLAX-26JUL25,2026-07-25,KXHIGHLAX-26JUL25-B83.5,between,83.0,84.0,0.1803,80.82,2.51,68,0.05,0.06,,,
2026-07-24T23:44:27+00:00,KXHIGHLAX,KXHIGHLAX-26JUL25,2026-07-25,KXHIGHLAX-26JUL25-B85.5,between,85.0,86.0,0.0597,80.82,2.51,68,0.02,0.03,,,
2026-07-24T23:44:27+00:00,KXHIGHLAX,KXHIGHLAX-26JUL25,2026-07-25,KXHIGHLAX-26JUL25-T86,greater,86.0,,0.0119,80.82,2.51,68,0.01,0.02,,,
2026-07-25T16:03:03+00:00,KXHIGHNY,KXHIGHNY-26JUL26,2026-07-26,KXHIGHNY-26JUL26-T81,less,,81.0,0.3137,82.01,3.1,69,0.09,0.1,,,
2026-07-25T16:03:03+00:00,KXHIGHNY,KXHIGHNY-26JUL26,2026-07-26,KXHIGHNY-26JUL26-B81.5,between,81.0,82.0,0.2495,82.01,3.1,69,0.41,0.42,,,
2026-07-25T16:03:03+00:00,KXHIGHNY,KXHIGHNY-26JUL26,2026-07-26,KXHIGHNY-26JUL26-B83.5,between,83.0,84.0,0.226,82.01,3.1,69,0.32,0.33,,,
2026-07-25T16:03:03+00:00,KXHIGHNY,KXHIGHNY-26JUL26,2026-07-26,KXHIGHNY-26JUL26-B85.5,between,85.0,86.0,0.137,82.01,3.1,69,0.13,0.14,,,
2026-07-25T16:03:03+00:00,KXHIGHNY,KXHIGHNY-26JUL26,2026-07-26,KXHIGHNY-26JUL26-B87.5,between,87.0,88.0,0.0556,82.01,3.1,69,0.05,0.06,,,
2026-07-25T16:03:03+00:00,KXHIGHNY,KXHIGHNY-26JUL26,2026-07-26,KXHIGHNY-26JUL26-T88,greater,88.0,,0.0182,82.01,3.1,69,0.01,0.02,,,
2026-07-25T16:03:03+00:00,KXHIGHCHI,KXHIGHCHI-26JUL26,2026-07-26,KXHIGHCHI-26JUL26-T89,less,,89.0,0.0151,95.02,3.01,69,0.19,0.22,,,
2026-07-25T16:03:03+00:00,KXHIGHCHI,KXHIGHCHI-26JUL26,2026-07-26,KXHIGHCHI-26JUL26-B89.5,between,89.0,90.0,0.0515,95.02,3.01,69,0.16,0.17,,,
2026-07-25T16:03:03+00:00,KXHIGHCHI,KXHIGHCHI-26JUL26,2026-07-26,KXHIGHCHI-26JUL26-B91.5,between,91.0,92.0,0.1348,95.02,3.01,69,0.31,0.35,,,
2026-07-25T16:03:03+00:00,KXHIGHCHI,KXHIGHCHI-26JUL26,2026-07-26,KXHIGHCHI-26JUL26-B93.5,between,93.0,94.0,0.2305,95.02,3.01,69,0.17,0.2,,,
2026-07-25T16:03:03+00:00,KXHIGHCHI,KXHIGHCHI-26JUL26,2026-07-26,KXHIGHCHI-26JUL26-B95.5,between,95.0,96.0,0.2573,95.02,3.01,69,0.07,0.1,,,
2026-07-25T16:03:03+00:00,KXHIGHCHI,KXHIGHCHI-26JUL26,2026-07-26,KXHIGHCHI-26JUL26-T96,greater,96.0,,0.3107,95.02,3.01,69,0.02,0.04,,,
2026-07-25T16:03:03+00:00,KXHIGHMIA,KXHIGHMIA-26JUL26,2026-07-26,KXHIGHMIA-26JUL26-T87,less,,87.0,0.011,91.12,2.02,69,0.0,0.02,,,
2026-07-25T16:03:03+00:00,KXHIGHMIA,KXHIGHMIA-26JUL26,2026-07-26,KXHIGHMIA-26JUL26-B87.5,between,87.0,88.0,0.086,91.12,2.02,69,0.03,0.04,,,
2026-07-25T16:03:03+00:00,KXHIGHMIA,KXHIGHMIA-26JUL26,2026-07-26,KXHIGHMIA-26JUL26-B89.5,between,89.0,90.0,0.2824,91.12,2.02,69,0.14,0.15,,,
2026-07-25T16:03:03+00:00,KXHIGHMIA,KXHIGHMIA-26JUL26,2026-07-26,KXHIGHMIA-26JUL26-B91.5,between,91.0,92.0,0.3739,91.12,2.02,69,0.4,0.41,,,
2026-07-25T16:03:03+00:00,KXHIGHMIA,KXHIGHMIA-26JUL26,2026-07-26,KXHIGHMIA-26JUL26-B93.5,between,93.0,94.0,0.1999,91.12,2.02,69,0.33,0.34,,,
2026-07-25T16:03:03+00:00,KXHIGHMIA,KXHIGHMIA-26JUL26,2026-07-26,KXHIGHMIA-26JUL26-T94,greater,94.0,,0.0468,91.12,2.02,69,0.06,0.07,,,
2026-07-25T16:03:03+00:00,KXHIGHAUS,KXHIGHAUS-26JUL26,2026-07-26,KXHIGHAUS-26JUL26-T96,less,,96.0,0.313,96.71,2.48,69,0.2,0.21,,,
2026-07-25T16:03:03+00:00,KXHIGHAUS,KXHIGHAUS-26JUL26,2026-07-26,KXHIGHAUS-26JUL26-B96.5,between,96.0,97.0,0.3122,96.71,2.48,69,0.21,0.3,,,
2026-07-25T16:03:03+00:00,KXHIGHAUS,KXHIGHAUS-26JUL26,2026-07-26,KXHIGHAUS-26JUL26-B98.5,between,98.0,99.0,0.2447,96.71,2.48,69,0.35,0.36,,,
2026-07-25T16:03:03+00:00,KXHIGHAUS,KXHIGHAUS-26JUL26,2026-07-26,KXHIGHAUS-26JUL26-B100.5,between,100.0,101.0,0.1035,96.71,2.48,69,0.11,0.12,,,
2026-07-25T16:03:03+00:00,KXHIGHAUS,KXHIGHAUS-26JUL26,2026-07-26,KXHIGHAUS-26JUL26-B102.5,between,102.0,103.0,0.0236,96.71,2.48,69,0.02,0.04,,,
2026-07-25T16:03:03+00:00,KXHIGHAUS,KXHIGHAUS-26JUL26,2026-07-26,KXHIGHAUS-26JUL26-T103,greater,103.0,,0.0031,96.71,2.48,69,0.01,0.03,,,
2026-07-25T16:03:03+00:00,KXHIGHDEN,KXHIGHDEN-26JUL26,2026-07-26,KXHIGHDEN-26JUL26-T96,less,,96.0,0.0215,101.21,2.82,69,0.01,0.02,,,
2026-07-25T16:03:03+00:00,KXHIGHDEN,KXHIGHDEN-26JUL26,2026-07-26,KXHIGHDEN-26JUL26-B96.5,between,96.0,97.0,0.0728,101.21,2.82,69,0.01,0.02,,,
2026-07-25T16:03:03+00:00,KXHIGHDEN,KXHIGHDEN-26JUL26,2026-07-26,KXHIGHDEN-26JUL26-B98.5,between,98.0,99.0,0.1782,101.21,2.82,69,0.13,0.14,,,
2026-07-25T16:03:03+00:00,KXHIGHDEN,KXHIGHDEN-26JUL26,2026-07-26,KXHIGHDEN-26JUL26-B100.5,between,100.0,101.0,0.269,101.21,2.82,69,0.45,0.46,,,
2026-07-25T16:03:03+00:00,KXHIGHDEN,KXHIGHDEN-26JUL26,2026-07-26,KXHIGHDEN-26JUL26-B102.5,between,102.0,103.0,0.2506,101.21,2.82,69,0.25,0.26,,,
2026-07-25T16:03:03+00:00,KXHIGHDEN,KXHIGHDEN-26JUL26,2026-07-26,KXHIGHDEN-26JUL26-T103,greater,103.0,,0.2079,101.21,2.82,69,0.07,0.08,,,
2026-07-25T16:03:03+00:00,KXHIGHLAX,KXHIGHLAX-26JUL26,2026-07-26,KXHIGHLAX-26JUL26-T79,less,,79.0,0.0557,82.8,2.7,69,0.17,0.18,,,
2026-07-25T16:03:03+00:00,KXHIGHLAX,KXHIGHLAX-26JUL26,2026-07-26,KXHIGHLAX-26JUL26-B79.5,between,79.0,80.0,0.1414,82.8,2.7,69,0.38,0.39,,,
2026-07-25T16:03:03+00:00,KXHIGHLAX,KXHIGHLAX-26JUL26,2026-07-26,KXHIGHLAX-26JUL26-B81.5,between,81.0,82.0,0.2582,82.8,2.7,69,0.31,0.34,,,
2026-07-25T16:03:03+00:00,KXHIGHLAX,KXHIGHLAX-26JUL26,2026-07-26,KXHIGHLAX-26JUL26-B83.5,between,83.0,84.0,0.2796,82.8,2.7,69,0.06,0.08,,,
2026-07-25T16:03:03+00:00,KXHIGHLAX,KXHIGHLAX-26JUL26,2026-07-26,KXHIGHLAX-26JUL26-B85.5,between,85.0,86.0,0.1794,82.8,2.7,69,0.03,0.05,,,
2026-07-25T16:03:03+00:00,KXHIGHLAX,KXHIGHLAX-26JUL26,2026-07-26,KXHIGHLAX-26JUL26-T86,greater,86.0,,0.0858,82.8,2.7,69,0.01,0.03,,,
2026-07-26T01:22:46+00:00,KXHIGHNY,KXHIGHNY-26JUL26,2026-07-26,KXHIGHNY-26JUL26-T81,less,,81.0,0.1265,82.99,2.17,69,0.09,0.1,ensemble-spread-v2,10.0,2.45
2026-07-26T01:22:46+00:00,KXHIGHNY,KXHIGHNY-26JUL26,2026-07-26,KXHIGHNY-26JUL26-B81.5,between,81.0,82.0,0.285,82.99,2.17,69,0.4,0.41,ensemble-spread-v2,10.0,2.45
2026-07-26T01:22:46+00:00,KXHIGHNY,KXHIGHNY-26JUL26,2026-07-26,KXHIGHNY-26JUL26-B83.5,between,83.0,84.0,0.3452,82.99,2.17,69,0.46,0.48,ensemble-spread-v2,10.0,2.45
2026-07-26T01:22:46+00:00,KXHIGHNY,KXHIGHNY-26JUL26,2026-07-26,KXHIGHNY-26JUL26-B85.5,between,85.0,86.0,0.1901,82.99,2.17,69,0.05,0.06,ensemble-spread-v2,10.0,2.45
2026-07-26T01:22:46+00:00,KXHIGHNY,KXHIGHNY-26JUL26,2026-07-26,KXHIGHNY-26JUL26-B87.5,between,87.0,88.0,0.0475,82.99,2.17,69,0.01,0.02,ensemble-spread-v2,10.0,2.45
2026-07-26T01:22:46+00:00,KXHIGHNY,KXHIGHNY-26JUL26,2026-07-26,KXHIGHNY-26JUL26-T88,greater,88.0,,0.0056,82.99,2.17,69,0.01,0.02,ensemble-spread-v2,10.0,2.45
2026-07-26T01:22:46+00:00,KXHIGHCHI,KXHIGHCHI-26JUL26,2026-07-26,KXHIGHCHI-26JUL26-T89,less,,89.0,0.2107,90.18,2.09,69,0.21,0.22,ensemble-spread-v2,10.0,3.51
2026-07-26T01:22:46+00:00,KXHIGHCHI,KXHIGHCHI-26JUL26,2026-07-26,KXHIGHCHI-26JUL26-B89.5,between,89.0,90.0,0.3499,90.18,2.09,69,0.26,0.28,ensemble-spread-v2,10.0,3.51
2026-07-26T01:22:46+00:00,KXHIGHCHI,KXHIGHCHI-26JUL26,2026-07-26,KXHIGHCHI-26JUL26-B91.5,between,91.0,92.0,0.3057,90.18,2.09,69,0.35,0.39,ensemble-spread-v2,10.0,3.51
2026-07-26T01:22:46+00:00,KXHIGHCHI,KXHIGHCHI-26JUL26,2026-07-26,KXHIGHCHI-26JUL26-B93.5,between,93.0,94.0,0.1143,90.18,2.09,69,0.11,0.12,ensemble-spread-v2,10.0,3.51
2026-07-26T01:22:46+00:00,KXHIGHCHI,KXHIGHCHI-26JUL26,2026-07-26,KXHIGHCHI-26JUL26-B95.5,between,95.0,96.0,0.0182,90.18,2.09,69,0.07,0.08,ensemble-spread-v2,10.0,3.51
2026-07-26T01:22:46+00:00,KXHIGHCHI,KXHIGHCHI-26JUL26,2026-07-26,KXHIGHCHI-26JUL26-T96,greater,96.0,,0.0013,90.18,2.09,69,0.02,0.03,ensemble-spread-v2,10.0,3.51
2026-07-26T01:22:46+00:00,KXHIGHMIA,KXHIGHMIA-26JUL26,2026-07-26,KXHIGHMIA-26JUL26-T87,less,,87.0,0.0002,91.59,1.46,69,0.0,0.01,ensemble-spread-v2,10.0,1.97
2026-07-26T01:22:46+00:00,KXHIGHMIA,KXHIGHMIA-26JUL26,2026-07-26,KXHIGHMIA-26JUL26-B87.5,between,87.0,88.0,0.0167,91.59,1.46,69,0.01,0.03,ensemble-spread-v2,10.0,1.97
2026-07-26T01:22:46+00:00,KXHIGHMIA,KXHIGHMIA-26JUL26,2026-07-26,KXHIGHMIA-26JUL26-B89.5,between,89.0,90.0,0.2103,91.59,1.46,69,0.09,0.1,ensemble-spread-v2,10.0,1.97
2026-07-26T01:22:46+00:00,KXHIGHMIA,KXHIGHMIA-26JUL26,2026-07-26,KXHIGHMIA-26JUL26-B91.5,between,91.0,92.0,0.5071,91.59,1.46,69,0.46,0.47,ensemble-spread-v2,10.0,1.97
2026-07-26T01:22:46+00:00,KXHIGHMIA,KXHIGHMIA-26JUL26,2026-07-26,KXHIGHMIA-26JUL26-B93.5,between,93.0,94.0,0.243,91.59,1.46,69,0.36,0.37,ensemble-spread-v2,10.0,1.97
2026-07-26T01:22:46+00:00,KXHIGHMIA,KXHIGHMIA-26JUL26,2026-07-26,KXHIGHMIA-26JUL26-T94,greater,94.0,,0.0228,91.59,1.46,69,0.07,0.08,ensemble-spread-v2,10.0,1.97
2026-07-26T01:22:46+00:00,KXHIGHAUS,KXHIGHAUS-26JUL26,2026-07-26,KXHIGHAUS-26JUL26-T96,less,,96.0,0.1405,97.46,1.82,69,0.02,0.05,ensemble-spread-v2,10.0,1.65
2026-07-26T01:22:46+00:00,KXHIGHAUS,KXHIGHAUS-26JUL26,2026-07-26,KXHIGHAUS-26JUL26-B96.5,between,96.0,97.0,0.3678,97.46,1.82,69,0.52,0.53,ensemble-spread-v2,10.0,1.65
2026-07-26T01:22:46+00:00,KXHIGHAUS,KXHIGHAUS-26JUL26,2026-07-26,KXHIGHAUS-26JUL26-B98.5,between,98.0,99.0,0.3603,97.46,1.82,69,0.38,0.39,ensemble-spread-v2,10.0,1.65
2026-07-26T01:22:46+00:00,KXHIGHAUS,KXHIGHAUS-26JUL26,2026-07-26,KXHIGHAUS-26JUL26-B100.5,between,100.0,101.0,0.1182,97.46,1.82,69,0.04,0.05,ensemble-spread-v2,10.0,1.65
2026-07-26T01:22:46+00:00,KXHIGHAUS,KXHIGHAUS-26JUL26,2026-07-26,KXHIGHAUS-26JUL26-B102.5,between,102.0,103.0,0.0128,97.46,1.82,69,0.01,0.02,ensemble-spread-v2,10.0,1.65
2026-07-26T01:22:46+00:00,KXHIGHAUS,KXHIGHAUS-26JUL26,2026-07-26,KXHIGHAUS-26JUL26-T103,greater,103.0,,0.0005,97.46,1.82,69,0.0,0.03,ensemble-spread-v2,10.0,1.65
2026-07-26T01:22:46+00:00,KXHIGHDEN,KXHIGHDEN-26JUL26,2026-07-26,KXHIGHDEN-26JUL26-T96,less,,96.0,0.0003,101.22,1.67,69,0.01,0.02,ensemble-spread-v2,10.0,1.86
2026-07-26T01:22:46+00:00,KXHIGHDEN,KXHIGHDEN-26JUL26,2026-07-26,KXHIGHDEN-26JUL26-B96.5,between,96.0,97.0,0.0125,101.22,1.67,69,0.01,0.04,ensemble-spread-v2,10.0,1.86
2026-07-26T01:22:46+00:00,KXHIGHDEN,KXHIGHDEN-26JUL26,2026-07-26,KXHIGHDEN-26JUL26-B98.5,between,98.0,99.0,0.1385,101.22,1.67,69,0.07,0.08,ensemble-spread-v2,10.0,1.86
2026-07-26T01:22:46+00:00,KXHIGHDEN,KXHIGHDEN-26JUL26,2026-07-26,KXHIGHDEN-26JUL26-B100.5,between,100.0,101.0,0.416,101.22,1.67,69,0.49,0.5,ensemble-spread-v2,10.0,1.86
2026-07-26T01:22:46+00:00,KXHIGHDEN,KXHIGHDEN-26JUL26,2026-07-26,KXHIGHDEN-26JUL26-B102.5,between,102.0,103.0,0.3473,101.22,1.67,69,0.41,0.42,ensemble-spread-v2,10.0,1.86
2026-07-26T01:22:46+00:00,KXHIGHDEN,KXHIGHDEN-26JUL26,2026-07-26,KXHIGHDEN-26JUL26-T103,greater,103.0,,0.0854,101.22,1.67,69,0.04,0.05,ensemble-spread-v2,10.0,1.86
2026-07-26T01:22:46+00:00,KXHIGHLAX,KXHIGHLAX-26JUL26,2026-07-26,KXHIGHLAX-26JUL26-T79,less,,79.0,0.1713,80.51,2.12,69,0.28,0.29,ensemble-spread-v2,10.0,3.85
2026-07-26T01:22:46+00:00,KXHIGHLAX,KXHIGHLAX-26JUL26,2026-07-26,KXHIGHLAX-26JUL26-B79.5,between,79.0,80.0,0.3266,80.51,2.12,69,0.48,0.49,ensemble-spread-v2,10.0,3.85
2026-07-26T01:22:46+00:00,KXHIGHLAX,KXHIGHLAX-26JUL26,2026-07-26,KXHIGHLAX-26JUL26-B81.5,between,81.0,82.0,0.3281,80.51,2.12,69,0.18,0.19,ensemble-spread-v2,10.0,3.85
2026-07-26T01:22:46+00:00,KXHIGHLAX,KXHIGHLAX-26JUL26,2026-07-26,KXHIGHLAX-26JUL26-B83.5,between,83.0,84.0,0.1441,80.51,2.12,69,0.04,0.05,ensemble-spread-v2,10.0,3.85
2026-07-26T01:22:46+00:00,KXHIGHLAX,KXHIGHLAX-26JUL26,2026-07-26,KXHIGHLAX-26JUL26-B85.5,between,85.0,86.0,0.0275,80.51,2.12,69,0.02,0.03,ensemble-spread-v2,10.0,3.85
2026-07-26T01:22:46+00:00,KXHIGHLAX,KXHIGHLAX-26JUL26,2026-07-26,KXHIGHLAX-26JUL26-T86,greater,86.0,,0.0024,80.51,2.12,69,0.0,0.02,ensemble-spread-v2,10.0,3.85
2026-07-26T16:19:47+00:00,KXHIGHTATL,KXHIGHTATL-26JUL27,2026-07-27,KXHIGHTATL-26JUL27-T90,less,,90.0,0.1319,92.12,2.34,69,0.1,0.14,ensemble-spread-v2,10,3.97
2026-07-26T16:19:47+00:00,KXHIGHTATL,KXHIGHTATL-26JUL27,2026-07-27,KXHIGHTATL-26JUL27-B90.5,between,90.0,91.0,0.2641,92.12,2.34,69,0.09,0.14,ensemble-spread-v2,10,3.97
2026-07-26T16:19:47+00:00,KXHIGHTATL,KXHIGHTATL-26JUL27,2026-07-27,KXHIGHTATL-26JUL27-B92.5,between,92.0,93.0,0.3264,92.12,2.34,69,0.37,0.39,ensemble-spread-v2,10,3.97
2026-07-26T16:19:47+00:00,KXHIGHTATL,KXHIGHTATL-26JUL27,2026-07-27,KXHIGHTATL-26JUL27-B94.5,between,94.0,95.0,0.2032,92.12,2.34,69,0.26,0.28,ensemble-spread-v2,10,3.97
2026-07-26T16:19:47+00:00,KXHIGHTATL,KXHIGHTATL-26JUL27,2026-07-27,KXHIGHTATL-26JUL27-B96.5,between,96.0,97.0,0.0636,92.12,2.34,69,0.04,0.08,ensemble-spread-v2,10,3.97
2026-07-26T16:19:47+00:00,KXHIGHTATL,KXHIGHTATL-26JUL27,2026-07-27,KXHIGHTATL-26JUL27-T97,greater,97.0,,0.0108,92.12,2.34,69,0.01,0.03,ensemble-spread-v2,10,3.97
2026-07-26T16:19:47+00:00,KXLOWTATL,KXLOWTATL-26JUL27,2026-07-27,KXLOWTATL-26JUL27-T68,less,,68.0,0.0121,77.49,4.43,69,0.02,0.07,ensemble-spread-v2,10,3.97
2026-07-26T16:19:47+00:00,KXLOWTATL,KXLOWTATL-26JUL27,2026-07-27,KXLOWTATL-26JUL27-B68.5,between,68.0,69.0,0.0236,77.49,4.43,69,0.02,0.04,ensemble-spread-v2,10,3.97
2026-07-26T16:19:47+00:00,KXLOWTATL,KXLOWTATL-26JUL27,2026-07-27,KXLOWTATL-26JUL27-B70.5,between,70.0,71.0,0.0526,77.49,4.43,69,0.02,0.04,ensemble-spread-v2,10,3.97
2026-07-26T16:19:47+00:00,KXLOWTATL,KXLOWTATL-26JUL27,2026-07-27,KXLOWTATL-26JUL27-B72.5,between,72.0,73.0,0.0958,77.49,4.43,69,0.13,0.14,ensemble-spread-v2,10,3.97
2026-07-26T16:19:47+00:00,KXLOWTATL,KXLOWTATL-26JUL27,2026-07-27,KXLOWTATL-26JUL27-B74.5,between,74.0,75.0,0.1429,77.49,4.43,69,0.52,0.56,ensemble-spread-v2,10,3.97
2026-07-26T16:19:47+00:00,KXLOWTATL,KXLOWTATL-26JUL27,2026-07-27,KXLOWTATL-26JUL27-T75,greater,75.0,,0.673,77.49,4.43,69,0.25,0.26,ensemble-spread-v2,10,3.97
2026-07-26T16:19:47+00:00,KXHIGHAUS,KXHIGHAUS-26JUL27,2026-07-27,KXHIGHAUS-26JUL27-T96,less,,96.0,0.0392,98.28,1.58,70,0.08,0.09,ensemble-spread-v2,10,1.48
2026-07-26T16:19:47+00:00,KXHIGHAUS,KXHIGHAUS-26JUL27,2026-07-27,KXHIGHAUS-26JUL27-B96.5,between,96.0,97.0,0.2713,98.28,1.58,70,0.2,0.21,ensemble-spread-v2,10,1.48
2026-07-26T16:19:47+00:00,KXHIGHAUS,KXHIGHAUS-26JUL27,2026-07-27,KXHIGHAUS-26JUL27-B98.5,between,98.0,99.0,0.4691,98.28,1.58,70,0.51,0.54,ensemble-spread-v2,10,1.48
2026-07-26T16:19:47+00:00,KXHIGHAUS,KXHIGHAUS-26JUL27,2026-07-27,KXHIGHAUS-26JUL27-B100.5,between,100.0,101.0,0.1995,98.28,1.58,70,0.15,0.16,ensemble-spread-v2,10,1.48
2026-07-26T16:19:47+00:00,KXHIGHAUS,KXHIGHAUS-26JUL27,2026-07-27,KXHIGHAUS-26JUL27-B102.5,between,102.0,103.0,0.0204,98.28,1.58,70,0.01,0.03,ensemble-spread-v2,10,1.48
2026-07-26T16:19:47+00:00,KXHIGHAUS,KXHIGHAUS-26JUL27,2026-07-27,KXHIGHAUS-26JUL27-T103,greater,103.0,,0.0005,98.28,1.58,70,0.01,0.03,ensemble-spread-v2,10,1.48
2026-07-26T16:19:47+00:00,KXLOWTAUS,KXLOWTAUS-26JUL27,2026-07-27,KXLOWTAUS-26JUL27-T70,less,,70.0,0.0103,81.36,5.12,69,0.02,0.06,ensemble-spread-v2,10,1.48
2026-07-26T16:19:47+00:00,KXLOWTAUS,KXLOWTAUS-26JUL27,2026-07-27,KXLOWTAUS-26JUL27-B70.5,between,70.0,71.0,0.0168,81.36,5.12,69,0.04,0.09,ensemble-spread-v2,10,1.48
2026-07-26T16:19:47+00:00,KXLOWTAUS,KXLOWTAUS-26JUL27,2026-07-27,KXLOWTAUS-26JUL27-B72.5,between,72.0,73.0,0.0353,81.36,5.12,69,0.18,0.19,ensemble-spread-v2,10,1.48
2026-07-26T16:19:47+00:00,KXLOWTAUS,KXLOWTAUS-26JUL27,2026-07-27,KXLOWTAUS-26JUL27-B74.5,between,74.0,75.0,0.0638,81.36,5.12,69,0.33,0.34,ensemble-spread-v2,10,1.48
2026-07-26T16:19:47+00:00,KXLOWTAUS,KXLOWTAUS-26JUL27,2026-07-27,KXLOWTAUS-26JUL27-B76.5,between,76.0,77.0,0.0993,81.36,5.12,69,0.23,0.3,ensemble-spread-v2,10,1.48
2026-07-26T16:19:47+00:00,KXLOWTAUS,KXLOWTAUS-26JUL27,2026-07-27,KXLOWTAUS-26JUL27-T77,greater,77.0,,0.7746,81.36,5.12,69,0.04,0.07,ensemble-spread-v2,10,1.48
2026-07-26T16:19:47+00:00,KXHIGHTBOS,KXHIGHTBOS-26JUL27,2026-07-27,KXHIGHTBOS-26JUL27-T78,less,,78.0,0.598,76.88,2.5,69,0.72,0.73,ensemble-spread-v2,10,3.11
2026-07-26T16:19:47+00:00,KXHIGHTBOS,KXHIGHTBOS-26JUL27,2026-07-27,KXHIGHTBOS-26JUL27-B78.5,between,78.0,79.0,0.2545,76.88,2.5,69,0.14,0.18,ensemble-spread-v2,10,3.11
2026-07-26T16:19:47+00:00,KXHIGHTBOS,KXHIGHTBOS-26JUL27,2026-07-27,KXHIGHTBOS-26JUL27-B80.5,between,80.0,81.0,0.1151,76.88,2.5,69,0.04,0.08,ensemble-spread-v2,10,3.11
2026-07-26T16:19:47+00:00,KXHIGHTBOS,KXHIGHTBOS-26JUL27,2026-07-27,KXHIGHTBOS-26JUL27-B82.5,between,82.0,83.0,0.0284,76.88,2.5,69,0.0,0.01,ensemble-spread-v2,10,3.11
2026-07-26T16:19:47+00:00,KXHIGHTBOS,KXHIGHTBOS-26JUL27,2026-07-27,KXHIGHTBOS-26JUL27-B84.5,between,84.0,85.0,0.0038,76.88,2.5,69,0.0,0.01,ensemble-spread-v2,10,3.11
2026-07-26T16:19:47+00:00,KXHIGHTBOS,KXHIGHTBOS-26JUL27,2026-07-27,KXHIGHTBOS-26JUL27-T85,greater,85.0,,0.0003,76.88,2.5,69,0.01,0.02,ensemble-spread-v2,10,3.11
2026-07-26T16:19:47+00:00,KXLOWTBOS,KXLOWTBOS-26JUL27,2026-07-27,KXLOWTBOS-26JUL27-T49,less,,49.0,0.0136,61.74,6.0,69,0.0,0.04,ensemble-spread-v2,10,3.11
2026-07-26T16:19:47+00:00,KXLOWTBOS,KXLOWTBOS-26JUL27,2026-07-27,KXLOWTBOS-26JUL27-B49.5,between,49.0,50.0,0.0168,61.74,6.0,69,0.01,0.04,ensemble-spread-v2,10,3.11
2026-07-26T16:19:47+00:00,KXLOWTBOS,KXLOWTBOS-26JUL27,2026-07-27,KXLOWTBOS-26JUL27-B51.5,between,51.0,52.0,0.0312,61.74,6.0,69,0.02,0.06,ensemble-spread-v2,10,3.11
2026-07-26T16:19:47+00:00,KXLOWTBOS,KXLOWTBOS-26JUL27,2026-07-27,KXLOWTBOS-26JUL27-B53.5,between,53.0,54.0,0.052,61.74,6.0,69,0.02,0.06,ensemble-spread-v2,10,3.11
2026-07-26T16:19:47+00:00,KXLOWTBOS,KXLOWTBOS-26JUL27,2026-07-27,KXLOWTBOS-26JUL27-B55.5,between,55.0,56.0,0.0775,61.74,6.0,69,0.09,0.1,ensemble-spread-v2,10,3.11
2026-07-26T16:19:47+00:00,KXLOWTBOS,KXLOWTBOS-26JUL27,2026-07-27,KXLOWTBOS-26JUL27-T56,greater,56.0,,0.8089,61.74,6.0,69,0.81,0.85,ensemble-spread-v2,10,3.11
2026-07-26T16:19:47+00:00,KXHIGHCHI,KXHIGHCHI-26JUL27,2026-07-27,KXHIGHCHI-26JUL27-T90,less,,90.0,0.436,90.02,3.25,70,0.47,0.48,ensemble-spread-v2,10,6.58
2026-07-26T16:19:47+00:00,KXHIGHCHI,KXHIGHCHI-26JUL27,2026-07-27,KXHIGHCHI-26JUL27-B90.5,between,90.0,91.0,0.2391,90.02,3.25,70,0.24,0.25,ensemble-spread-v2,10,6.58
2026-07-26T16:19:47+00:00,KXHIGHCHI,KXHIGHCHI-26JUL27,2026-07-27,KXHIGHCHI-26JUL27-B92.5,between,92.0,93.0,0.1824,90.02,3.25,70,0.1,0.11,ensemble-spread-v2,10,6.58
2026-07-26T16:19:47+00:00,KXHIGHCHI,KXHIGHCHI-26JUL27,2026-07-27,KXHIGHCHI-26JUL27-B94.5,between,94.0,95.0,0.0964,90.02,3.25,70,0.05,0.06,ensemble-spread-v2,10,6.58
2026-07-26T16:19:47+00:00,KXHIGHCHI,KXHIGHCHI-26JUL27,2026-07-27,KXHIGHCHI-26JUL27-B96.5,between,96.0,97.0,0.0353,90.02,3.25,70,0.03,0.04,ensemble-spread-v2,10,6.58
2026-07-26T16:19:47+00:00,KXHIGHCHI,KXHIGHCHI-26JUL27,2026-07-27,KXHIGHCHI-26JUL27-T97,greater,97.0,,0.0107,90.02,3.25,70,0.01,0.03,ensemble-spread-v2,10,6.58
2026-07-26T16:19:47+00:00,KXLOWTCHI,KXLOWTCHI-26JUL27,2026-07-27,KXLOWTCHI-26JUL27-T70,less,,70.0,0.2331,75.33,8.0,69,0.02,0.04,ensemble-spread-v2,10,6.58
2026-07-26T16:19:47+00:00,KXLOWTCHI,KXLOWTCHI-26JUL27,2026-07-27,KXLOWTCHI-26JUL27-B70.5,between,70.0,71.0,0.083,75.33,8.0,69,0.03,0.06,ensemble-spread-v2,10,6.58
2026-07-26T16:19:47+00:00,KXLOWTCHI,KXLOWTCHI-26JUL27,2026-07-27,KXLOWTCHI-26JUL27-B72.5,between,72.0,73.0,0.0935,75.33,8.0,69,0.14,0.17,ensemble-spread-v2,10,6.58
2026-07-26T16:19:47+00:00,KXLOWTCHI,KXLOWTCHI-26JUL27,2026-07-27,KXLOWTCHI-26JUL27-B74.5,between,74.0,75.0,0.0989,75.33,8.0,69,0.37,0.41,ensemble-spread-v2,10,6.58
2026-07-26T16:19:47+00:00,KXLOWTCHI,KXLOWTCHI-26JUL27,2026-07-27,KXLOWTCHI-26JUL27-B76.5,between,76.0,77.0,0.0984,75.33,8.0,69,0.27,0.33,ensemble-spread-v2,10,6.58
2026-07-26T16:19:47+00:00,KXLOWTCHI,KXLOWTCHI-26JUL27,2026-07-27,KXLOWTCHI-26JUL27-T77,greater,77.0,,0.3931,75.33,8.0,69,0.12,0.19,ensemble-spread-v2,10,6.58
2026-07-26T16:19:47+00:00,KXHIGHTDAL,KXHIGHTDAL-26JUL27,2026-07-27,KXHIGHTDAL-26JUL27-T101,less,,101.0,0.1632,102.61,2.15,69,0.11,0.14,ensemble-spread-v2,10,1.81
2026-07-26T16:19:47+00:00,KXHIGHTDAL,KXHIGHTDAL-26JUL27,2026-07-27,KXHIGHTDAL-26JUL27-B101.5,between,101.0,102.0,0.3164,102.61,2.15,69,0.49,0.53,ensemble-spread-v2,10,1.81
2026-07-26T16:19:47+00:00,KXHIGHTDAL,KXHIGHTDAL-26JUL27,2026-07-27,KXHIGHTDAL-26JUL27-B103.5,between,103.0,104.0,0.3307,102.61,2.15,69,0.23,0.26,ensemble-spread-v2,10,1.81
2026-07-26T16:19:47+00:00,KXHIGHTDAL,KXHIGHTDAL-26JUL27,2026-07-27,KXHIGHTDAL-26JUL27-B105.5,between,105.0,106.0,0.1545,102.61,2.15,69,0.04,0.05,ensemble-spread-v2,10,1.81
2026-07-26T16:19:47+00:00,KXHIGHTDAL,KXHIGHTDAL-26JUL27,2026-07-27,KXHIGHTDAL-26JUL27-B107.5,between,107.0,108.0,0.0321,102.61,2.15,69,0.02,0.06,ensemble-spread-v2,10,1.81
2026-07-26T16:19:47+00:00,KXHIGHTDAL,KXHIGHTDAL-26JUL27,2026-07-27,KXHIGHTDAL-26JUL27-T108,greater,108.0,,0.0031,102.61,2.15,69,0.01,0.02,ensemble-spread-v2,10,1.81
2026-07-26T16:19:47+00:00,KXLOWTDAL,KXLOWTDAL-26JUL27,2026-07-27,KXLOWTDAL-26JUL27-T75,less,,75.0,0.0006,86.66,3.75,69,0.0,0.04,ensemble-spread-v2,10,1.81
2026-07-26T16:19:47+00:00,KXLOWTDAL,KXLOWTDAL-26JUL27,2026-07-27,KXLOWTDAL-26JUL27-B75.5,between,75.0,76.0,0.0028,86.66,3.75,69,0.01,0.05,ensemble-spread-v2,10,1.81
2026-07-26T16:19:47+00:00,KXLOWTDAL,KXLOWTDAL-26JUL27,2026-07-27,KXLOWTDAL-26JUL27-B77.5,between,77.0,78.0,0.0114,86.66,3.75,69,0.13,0.16,ensemble-spread-v2,10,1.81
2026-07-26T16:19:47+00:00,KXLOWTDAL,KXLOWTDAL-26JUL27,2026-07-27,KXLOWTDAL-26JUL27-B79.5,between,79.0,80.0,0.0354,86.66,3.75,69,0.32,0.35,ensemble-spread-v2,10,1.81
2026-07-26T16:19:47+00:00,KXLOWTDAL,KXLOWTDAL-26JUL27,2026-07-27,KXLOWTDAL-26JUL27-B81.5,between,81.0,82.0,0.0834,86.66,3.75,69,0.37,0.42,ensemble-spread-v2,10,1.81
2026-07-26T16:19:47+00:00,KXLOWTDAL,KXLOWTDAL-26JUL27,2026-07-27,KXLOWTDAL-26JUL27-T82,greater,82.0,,0.8664,86.66,3.75,69,0.07,0.11,ensemble-spread-v2,10,1.81
2026-07-26T16:19:47+00:00,KXHIGHTDC,KXHIGHTDC-26JUL27,2026-07-27,KXHIGHTDC-26JUL27-T87,less,,87.0,0.0823,89.21,1.95,69,0.27,0.3,ensemble-spread-v2,10,1.45
2026-07-26T16:19:47+00:00,KXHIGHTDC,KXHIGHTDC-26JUL27,2026-07-27,KXHIGHTDC-26JUL27-B87.5,between,87.0,88.0,0.2757,89.21,1.95,69,0.3,0.31,ensemble-spread-v2,10,1.45
2026-07-26T16:19:47+00:00,KXHIGHTDC,KXHIGHTDC-26JUL27,2026-07-27,KXHIGHTDC-26JUL27-B89.5,between,89.0,90.0,0.3881,89.21,1.95,69,0.32,0.33,ensemble-spread-v2,10,1.45
2026-07-26T16:19:47+00:00,KXHIGHTDC,KXHIGHTDC-26JUL27,2026-07-27,KXHIGHTDC-26JUL27-B91.5,between,91.0,92.0,0.2082,89.21,1.95,69,0.08,0.09,ensemble-spread-v2,10,1.45
2026-07-26T16:19:47+00:00,KXHIGHTDC,KXHIGHTDC-26JUL27,2026-07-27,KXHIGHTDC-26JUL27-B93.5,between,93.0,94.0,0.0423,89.21,1.95,69,0.01,0.02,ensemble-spread-v2,10,1.45
2026-07-26T16:19:47+00:00,KXHIGHTDC,KXHIGHTDC-26JUL27,2026-07-27,KXHIGHTDC-26JUL27-T94,greater,94.0,,0.0033,89.21,1.95,69,0.0,0.01,ensemble-spread-v2,10,1.45
2026-07-26T16:19:47+00:00,KXLOWTDC,KXLOWTDC-26JUL27,2026-07-27,KXLOWTDC-26JUL27-T63,less,,63.0,0.0215,73.16,5.26,69,0.02,0.07,ensemble-spread-v2,10,1.45
2026-07-26T16:19:47+00:00,KXLOWTDC,KXLOWTDC-26JUL27,2026-07-27,KXLOWTDC-26JUL27-B63.5,between,63.0,64.0,0.0286,73.16,5.26,69,0.02,0.05,ensemble-spread-v2,10,1.45
2026-07-26T16:19:47+00:00,KXLOWTDC,KXLOWTDC-26JUL27,2026-07-27,KXLOWTDC-26JUL27-B65.5,between,65.0,66.0,0.053,73.16,5.26,69,0.02,0.06,ensemble-spread-v2,10,1.45
2026-07-26T16:19:47+00:00,KXLOWTDC,KXLOWTDC-26JUL27,2026-07-27,KXLOWTDC-26JUL27-B67.5,between,67.0,68.0,0.0851,73.16,5.26,69,0.13,0.16,ensemble-spread-v2,10,1.45
2026-07-26T16:19:47+00:00,KXLOWTDC,KXLOWTDC-26JUL27,2026-07-27,KXLOWTDC-26JUL27-B69.5,between,69.0,70.0,0.1187,73.16,5.26,69,0.32,0.36,ensemble-spread-v2,10,1.45
2026-07-26T16:19:47+00:00,KXLOWTDC,KXLOWTDC-26JUL27,2026-07-27,KXLOWTDC-26JUL27-T70,greater,70.0,,0.6932,73.16,5.26,69,0.35,0.36,ensemble-spread-v2,10,1.45
2026-07-26T16:19:47+00:00,KXHIGHDEN,KXHIGHDEN-26JUL27,2026-07-27,KXHIGHDEN-26JUL27-T93,less,,93.0,0.0246,96.65,2.11,70,0.06,0.07,ensemble-spread-v2,10,2.94
2026-07-26T16:19:47+00:00,KXHIGHDEN,KXHIGHDEN-26JUL27,2026-07-27,KXHIGHDEN-26JUL27-B93.5,between,93.0,94.0,0.1296,96.65,2.11,70,0.17,0.18,ensemble-spread-v2,10,2.94
2026-07-26T16:19:47+00:00,KXHIGHDEN,KXHIGHDEN-26JUL27,2026-07-27,KXHIGHDEN-26JUL27-B95.5,between,95.0,96.0,0.318,96.65,2.11,70,0.26,0.29,ensemble-spread-v2,10,2.94
2026-07-26T16:19:47+00:00,KXHIGHDEN,KXHIGHDEN-26JUL27,2026-07-27,KXHIGHDEN-26JUL27-B97.5,between,97.0,98.0,0.3381,96.65,2.11,70,0.31,0.32,ensemble-spread-v2,10,2.94
2026-07-26T16:19:47+00:00,KXHIGHDEN,KXHIGHDEN-26JUL27,2026-07-27,KXHIGHDEN-26JUL27-B99.5,between,99.0,100.0,0.1559,96.65,2.11,70,0.11,0.12,ensemble-spread-v2,10,2.94
2026-07-26T16:19:47+00:00,KXHIGHDEN,KXHIGHDEN-26JUL27,2026-07-27,KXHIGHDEN-26JUL27-T100,greater,100.0,,0.0338,96.65,2.11,70,0.04,0.05,ensemble-spread-v2,10,2.94
2026-07-26T16:19:47+00:00,KXLOWTDEN,KXLOWTDEN-26JUL27,2026-07-27,KXLOWTDEN-26JUL27-T69,less,,69.0,0.4256,69.83,7.09,69,0.31,0.33,ensemble-spread-v2,10,2.94
2026-07-26T16:19:47+00:00,KXLOWTDEN,KXLOWTDEN-26JUL27,2026-07-27,KXLOWTDEN-26JUL27-B69.5,between,69.0,70.0,0.1121,69.83,7.09,69,0.42,0.46,ensemble-spread-v2,10,2.94
2026-07-26T16:19:47+00:00,KXLOWTDEN,KXLOWTDEN-26JUL27,2026-07-27,KXLOWTDEN-26JUL27-B71.5,between,71.0,72.0,0.1092,69.83,7.09,69,0.19,0.21,ensemble-spread-v2,10,2.94
2026-07-26T16:19:47+00:00,KXLOWTDEN,KXLOWTDEN-26JUL27,2026-07-27,KXLOWTDEN-26JUL27-B73.5,between,73.0,74.0,0.0982,69.83,7.09,69,0.03,0.1,ensemble-spread-v2,10,2.94
2026-07-26T16:19:47+00:00,KXLOWTDEN,KXLOWTDEN-26JUL27,2026-07-27,KXLOWTDEN-26JUL27-B75.5,between,75.0,76.0,0.0816,69.83,7.09,69,0.01,0.04,ensemble-spread-v2,10,2.94
2026-07-26T16:19:47+00:00,KXLOWTDEN,KXLOWTDEN-26JUL27,2026-07-27,KXLOWTDEN-26JUL27-T76,greater,76.0,,0.1732,69.83,7.09,69,0.01,0.03,ensemble-spread-v2,10,2.94
2026-07-26T16:19:47+00:00,KXHIGHTHOU,KXHIGHTHOU-26JUL27,2026-07-27,KXHIGHTHOU-26JUL27-T96,less,,96.0,0.2513,96.46,1.43,68,0.22,0.23,ensemble-spread-v2,10,1.1
2026-07-26T16:19:47+00:00,KXHIGHTHOU,KXHIGHTHOU-26JUL27,2026-07-27,KXHIGHTHOU-26JUL27-B96.5,between,96.0,97.0,0.5165,96.46,1.43,68,0.48,0.49,ensemble-spread-v2,10,1.1
2026-07-26T16:19:47+00:00,KXHIGHTHOU,KXHIGHTHOU-26JUL27,2026-07-27,KXHIGHTHOU-26JUL27-B98.5,between,98.0,99.0,0.2158,96.46,1.43,68,0.27,0.29,ensemble-spread-v2,10,1.1
2026-07-26T16:19:47+00:00,KXHIGHTHOU,KXHIGHTHOU-26JUL27,2026-07-27,KXHIGHTHOU-26JUL27-B100.5,between,100.0,101.0,0.0162,96.46,1.43,68,0.04,0.05,ensemble-spread-v2,10,1.1
2026-07-26T16:19:47+00:00,KXHIGHTHOU,KXHIGHTHOU-26JUL27,2026-07-27,KXHIGHTHOU-26JUL27-B102.5,between,102.0,103.0,0.0002,96.46,1.43,68,0.02,0.03,ensemble-spread-v2,10,1.1
2026-07-26T16:19:47+00:00,KXHIGHTHOU,KXHIGHTHOU-26JUL27,2026-07-27,KXHIGHTHOU-26JUL27-T103,greater,103.0,,0.0,96.46,1.43,68,0.01,0.03,ensemble-spread-v2,10,1.1
2026-07-26T16:19:47+00:00,KXLOWTHOU,KXLOWTHOU-26JUL27,2026-07-27,KXLOWTHOU-26JUL27-T72,less,,72.0,0.0017,83.44,4.08,69,0.01,0.04,ensemble-spread-v2,10,1.1
2026-07-26T16:19:47+00:00,KXLOWTHOU,KXLOWTHOU-26JUL27,2026-07-27,KXLOWTHOU-26JUL27-B72.5,between,72.0,73.0,0.0057,83.44,4.08,69,0.02,0.06,ensemble-spread-v2,10,1.1
2026-07-26T16:19:47+00:00,KXLOWTHOU,KXLOWTHOU-26JUL27,2026-07-27,KXLOWTHOU-26JUL27-B74.5,between,74.0,75.0,0.0184,83.44,4.08,69,0.02,0.05,ensemble-spread-v2,10,1.1
2026-07-26T16:19:47+00:00,KXLOWTHOU,KXLOWTHOU-26JUL27,2026-07-27,KXLOWTHOU-26JUL27-B76.5,between,76.0,77.0,0.0469,83.44,4.08,69,0.21,0.27,ensemble-spread-v2,10,1.1
2026-07-26T16:19:47+00:00,KXLOWTHOU,KXLOWTHOU-26JUL27,2026-07-27,KXLOWTHOU-26JUL27-B78.5,between,78.0,79.0,0.0944,83.44,4.08,69,0.5,0.55,ensemble-spread-v2,10,1.1
2026-07-26T16:19:47+00:00,KXLOWTHOU,KXLOWTHOU-26JUL27,2026-07-27,KXLOWTHOU-26JUL27-T79,greater,79.0,,0.8329,83.44,4.08,69,0.07,0.13,ensemble-spread-v2,10,1.1
2026-07-26T16:19:47+00:00,KXHIGHLAX,KXHIGHLAX-26JUL27,2026-07-27,KXHIGHLAX-26JUL27-T79,less,,79.0,0.121,81.3,2.39,70,0.28,0.29,ensemble-spread-v2,10,4.8
2026-07-26T16:19:47+00:00,KXHIGHLAX,KXHIGHLAX-26JUL27,2026-07-27,KXHIGHLAX-26JUL27-B79.5,between,79.0,80.0,0.2485,81.3,2.39,70,0.43,0.44,ensemble-spread-v2,10,4.8
2026-07-26T16:19:47+00:00,KXHIGHLAX,KXHIGHLAX-26JUL27,2026-07-27,KXHIGHLAX-26JUL27-B81.5,between,81.0,82.0,0.3233,81.3,2.39,70,0.23,0.24,ensemble-spread-v2,10,4.8
2026-07-26T16:19:47+00:00,KXHIGHLAX,KXHIGHLAX-26JUL27,2026-07-27,KXHIGHLAX-26JUL27-B83.5,between,83.0,84.0,0.2172,81.3,2.39,70,0.03,0.05,ensemble-spread-v2,10,4.8
2026-07-26T16:19:47+00:00,KXHIGHLAX,KXHIGHLAX-26JUL27,2026-07-27,KXHIGHLAX-26JUL27-B85.5,between,85.0,86.0,0.0753,81.3,2.39,70,0.01,0.03,ensemble-spread-v2,10,4.8
2026-07-26T16:19:47+00:00,KXHIGHLAX,KXHIGHLAX-26JUL27,2026-07-27,KXHIGHLAX-26JUL27-T86,greater,86.0,,0.0147,81.3,2.39,70,0.02,0.03,ensemble-spread-v2,10,4.8
2026-07-26T16:19:47+00:00,KXLOWTLAX,KXLOWTLAX-26JUL27,2026-07-27,KXLOWTLAX-26JUL27-T63,less,,63.0,0.0267,72.03,4.93,69,0.01,0.05,ensemble-spread-v2,10,4.8
2026-07-26T16:19:47+00:00,KXLOWTLAX,KXLOWTLAX-26JUL27,2026-07-27,KXLOWTLAX-26JUL27-B63.5,between,63.0,64.0,0.0368,72.03,4.93,69,0.02,0.06,ensemble-spread-v2,10,4.8
2026-07-26T16:19:47+00:00,KXLOWTLAX,KXLOWTLAX-26JUL27,2026-07-27,KXLOWTLAX-26JUL27-B65.5,between,65.0,66.0,0.0678,72.03,4.93,69,0.03,0.07,ensemble-spread-v2,10,4.8
2026-07-26T16:19:47+00:00,KXLOWTLAX,KXLOWTLAX-26JUL27,2026-07-27,KXLOWTLAX-26JUL27-B67.5,between,67.0,68.0,0.1061,72.03,4.93,69,0.21,0.25,ensemble-spread-v2,10,4.8
2026-07-26T16:19:47+00:00,KXLOWTLAX,KXLOWTLAX-26JUL27,2026-07-27,KXLOWTLAX-26JUL27-B69.5,between,69.0,70.0,0.1412,72.03,4.93,69,0.57,0.58,ensemble-spread-v2,10,4.8
2026-07-26T16:19:47+00:00,KXLOWTLAX,KXLOWTLAX-26JUL27,2026-07-27,KXLOWTLAX-26JUL27-T70,greater,70.0,,0.6214,72.03,4.93,69,0.05,0.12,ensemble-spread-v2,10,4.8
2026-07-26T16:19:47+00:00,KXHIGHTLV,KXHIGHTLV-26JUL27,2026-07-27,KXHIGHTLV-26JUL27-T107,less,,107.0,0.0067,109.55,1.23,69,0.02,0.04,ensemble-spread-v2,10,1.15
2026-07-26T16:19:47+00:00,KXHIGHTLV,KXHIGHTLV-26JUL27,2026-07-27,KXHIGHTLV-26JUL27-B107.5,between,107.0,108.0,0.1903,109.55,1.23,69,0.08,0.09,ensemble-spread-v2,10,1.15
2026-07-26T16:19:47+00:00,KXHIGHTLV,KXHIGHTLV-26JUL27,2026-07-27,KXHIGHTLV-26JUL27-B109.5,between,109.0,110.0,0.5818,109.55,1.23,69,0.46,0.54,ensemble-spread-v2,10,1.15
2026-07-26T16:19:47+00:00,KXHIGHTLV,KXHIGHTLV-26JUL27,2026-07-27,KXHIGHTLV-26JUL27-B111.5,between,111.0,112.0,0.2128,109.55,1.23,69,0.3,0.33,ensemble-spread-v2,10,1.15
2026-07-26T16:19:47+00:00,KXHIGHTLV,KXHIGHTLV-26JUL27,2026-07-27,KXHIGHTLV-26JUL27-B113.5,between,113.0,114.0,0.0084,109.55,1.23,69,0.04,0.05,ensemble-spread-v2,10,1.15
2026-07-26T16:19:47+00:00,KXHIGHTLV,KXHIGHTLV-26JUL27,2026-07-27,KXHIGHTLV-26JUL27-T114,greater,114.0,,0.0,109.55,1.23,69,0.01,0.02,ensemble-spread-v2,10,1.15
2026-07-26T16:19:47+00:00,KXLOWTLV,KXLOWTLV-26JUL27,2026-07-27,KXLOWTLV-26JUL27-T82,less,,82.0,0.0188,90.32,4.24,68,0.0,0.01,ensemble-spread-v2,10,1.15
2026-07-26T16:19:47+00:00,KXLOWTLV,KXLOWTLV-26JUL27,2026-07-27,KXLOWTLV-26JUL27-B82.5,between,82.0,83.0,0.0352,90.32,4.24,68,0.02,0.05,ensemble-spread-v2,10,1.15
2026-07-26T16:19:47+00:00,KXLOWTLV,KXLOWTLV-26JUL27,2026-07-27,KXLOWTLV-26JUL27-B84.5,between,84.0,85.0,0.074,90.32,4.24,68,0.02,0.06,ensemble-spread-v2,10,1.15
2026-07-26T16:19:47+00:00,KXLOWTLV,KXLOWTLV-26JUL27,2026-07-27,KXLOWTLV-26JUL27-B86.5,between,86.0,87.0,0.1252,90.32,4.24,68,0.02,0.06,ensemble-spread-v2,10,1.15
2026-07-26T16:19:47+00:00,KXLOWTLV,KXLOWTLV-26JUL27,2026-07-27,KXLOWTLV-26JUL27-B88.5,between,88.0,89.0,0.1703,90.32,4.24,68,0.03,0.07,ensemble-spread-v2,10,1.15
2026-07-26T16:19:47+00:00,KXLOWTLV,KXLOWTLV-26JUL27,2026-07-27,KXLOWTLV-26JUL27-T89,greater,89.0,,0.5765,90.32,4.24,68,0.84,0.88,ensemble-spread-v2,10,1.15
2026-07-26T16:19:47+00:00,KXHIGHMIA,KXHIGHMIA-26JUL27,2026-07-27,KXHIGHMIA-26JUL27-T87,less,,87.0,0.0155,90.35,1.79,70,0.01,0.02,ensemble-spread-v2,10,2.9
2026-07-26T16:19:47+00:00,KXHIGHMIA,KXHIGHMIA-26JUL27,2026-07-27,KXHIGHMIA-26JUL27-B87.5,between,87.0,88.0,0.1345,90.35,1.79,70,0.06,0.07,ensemble-spread-v2,10,2.9
2026-07-26T16:19:47+00:00,KXHIGHMIA,KXHIGHMIA-26JUL27,2026-07-27,KXHIGHMIA-26JUL27-B89.5,between,89.0,90.0,0.3833,90.35,1.79,70,0.22,0.23,ensemble-spread-v2,10,2.9
2026-07-26T16:19:47+00:00,KXHIGHMIA,KXHIGHMIA-26JUL27,2026-07-27,KXHIGHMIA-26JUL27-B91.5,between,91.0,92.0,0.3523,90.35,1.79,70,0.43,0.44,ensemble-spread-v2,10,2.9
2026-07-26T16:19:47+00:00,KXHIGHMIA,KXHIGHMIA-26JUL27,2026-07-27,KXHIGHMIA-26JUL27-B93.5,between,93.0,94.0,0.1043,90.35,1.79,70,0.26,0.29,ensemble-spread-v2,10,2.9
2026-07-26T16:19:47+00:00,KXHIGHMIA,KXHIGHMIA-26JUL27,2026-07-27,KXHIGHMIA-26JUL27-T94,greater,94.0,,0.0101,90.35,1.79,70,0.03,0.04,ensemble-spread-v2,10,2.9
2026-07-26T16:19:47+00:00,KXLOWTMIA,KXLOWTMIA-26JUL27,2026-07-27,KXLOWTMIA-26JUL27-T72,less,,72.0,0.0277,78.85,3.84,68,0.02,0.05,ensemble-spread-v2,10,2.9
2026-07-26T16:19:47+00:00,KXLOWTMIA,KXLOWTMIA-26JUL27,2026-07-27,KXLOWTMIA-26JUL27-B72.5,between,72.0,73.0,0.0539,78.85,3.84,68,0.03,0.08,ensemble-spread-v2,10,2.9
2026-07-26T16:19:47+00:00,KXLOWTMIA,KXLOWTMIA-26JUL27,2026-07-27,KXLOWTMIA-26JUL27-B74.5,between,74.0,75.0,0.1097,78.85,3.84,68,0.06,0.11,ensemble-spread-v2,10,2.9
2026-07-26T16:19:47+00:00,KXLOWTMIA,KXLOWTMIA-26JUL27,2026-07-27,KXLOWTMIA-26JUL27-B76.5,between,76.0,77.0,0.1712,78.85,3.84,68,0.16,0.22,ensemble-spread-v2,10,2.9
2026-07-26T16:19:47+00:00,KXLOWTMIA,KXLOWTMIA-26JUL27,2026-07-27,KXLOWTMIA-26JUL27-B78.5,between,78.0,79.0,0.2048,78.85,3.84,68,0.44,0.49,ensemble-spread-v2,10,2.9
2026-07-26T16:19:47+00:00,KXLOWTMIA,KXLOWTMIA-26JUL27,2026-07-27,KXLOWTMIA-26JUL27-T79,greater,79.0,,0.4327,78.85,3.84,68,0.17,0.19,ensemble-spread-v2,10,2.9
2026-07-26T16:19:47+00:00,KXHIGHTMIN,KXHIGHTMIN-26JUL27,2026-07-27,KXHIGHTMIN-26JUL27-T93,less,,93.0,0.2548,95.39,4.38,69,0.25,0.33,ensemble-spread-v2,10,3.86
2026-07-26T16:19:47+00:00,KXHIGHTMIN,KXHIGHTMIN-26JUL27,2026-07-27,KXHIGHTMIN-26JUL27-B93.5,between,93.0,94.0,0.1649,95.39,4.38,69,0.18,0.19,ensemble-spread-v2,10,3.86
2026-07-26T16:19:47+00:00,KXHIGHTMIN,KXHIGHTMIN-26JUL27,2026-07-27,KXHIGHTMIN-26JUL27-B95.5,between,95.0,96.0,0.1806,95.39,4.38,69,0.27,0.31,ensemble-spread-v2,10,3.86
2026-07-26T16:19:47+00:00,KXHIGHTMIN,KXHIGHTMIN-26JUL27,2026-07-27,KXHIGHTMIN-26JUL27-B97.5,between,97.0,98.0,0.1611,95.39,4.38,69,0.09,0.1,ensemble-spread-v2,10,3.86
2026-07-26T16:19:47+00:00,KXHIGHTMIN,KXHIGHTMIN-26JUL27,2026-07-27,KXHIGHTMIN-26JUL27-B99.5,between,99.0,100.0,0.1171,95.39,4.38,69,0.03,0.07,ensemble-spread-v2,10,3.86
2026-07-26T16:19:47+00:00,KXHIGHTMIN,KXHIGHTMIN-26JUL27,2026-07-27,KXHIGHTMIN-26JUL27-T100,greater,100.0,,0.1214,95.39,4.38,69,0.01,0.02,ensemble-spread-v2,10,3.86
2026-07-26T16:19:47+00:00,KXLOWTMIN,KXLOWTMIN-26JUL27,2026-07-27,KXLOWTMIN-26JUL27-T73,less,,73.0,0.0466,79.4,4.11,69,0.03,0.08,ensemble-spread-v2,10,3.86
2026-07-26T16:19:47+00:00,KXLOWTMIN,KXLOWTMIN-26JUL27,2026-07-27,KXLOWTMIN-26JUL27-B73.5,between,73.0,74.0,0.07,79.4,4.11,69,0.08,0.1,ensemble-spread-v2,10,3.86
2026-07-26T16:19:47+00:00,KXLOWTMIN,KXLOWTMIN-26JUL27,2026-07-27,KXLOWTMIN-26JUL27-B75.5,between,75.0,76.0,0.1237,79.4,4.11,69,0.09,0.11,ensemble-spread-v2,10,3.86
2026-07-26T16:19:47+00:00,KXLOWTMIN,KXLOWTMIN-26JUL27,2026-07-27,KXLOWTMIN-26JUL27-B77.5,between,77.0,78.0,0.1731,79.4,4.11,69,0.36,0.38,ensemble-spread-v2,10,3.86
2026-07-26T16:19:47+00:00,KXLOWTMIN,KXLOWTMIN-26JUL27,2026-07-27,KXLOWTMIN-26JUL27-B79.5,between,79.0,80.0,0.1922,79.4,4.11,69,0.36,0.41,ensemble-spread-v2,10,3.86
2026-07-26T16:19:47+00:00,KXLOWTMIN,KXLOWTMIN-26JUL27,2026-07-27,KXLOWTMIN-26JUL27-T80,greater,80.0,,0.3944,79.4,4.11,69,0.02,0.04,ensemble-spread-v2,10,3.86
2026-07-26T16:19:47+00:00,KXHIGHTNOLA,KXHIGHTNOLA-26JUL27,2026-07-27,KXHIGHTNOLA-26JUL27-T93,less,,93.0,0.0428,95.98,2.02,69,0.09,0.1,ensemble-spread-v2,10,2.08
2026-07-26T16:19:47+00:00,KXHIGHTNOLA,KXHIGHTNOLA-26JUL27,2026-07-27,KXHIGHTNOLA-26JUL27-B93.5,between,93.0,94.0,0.1899,95.98,2.02,69,0.38,0.42,ensemble-spread-v2,10,2.08
2026-07-26T16:19:47+00:00,KXHIGHTNOLA,KXHIGHTNOLA-26JUL27,2026-07-27,KXHIGHTNOLA-26JUL27-B95.5,between,95.0,96.0,0.3695,95.98,2.02,69,0.45,0.48,ensemble-spread-v2,10,2.08
2026-07-26T16:19:47+00:00,KXHIGHTNOLA,KXHIGHTNOLA-26JUL27,2026-07-27,KXHIGHTNOLA-26JUL27-B97.5,between,97.0,98.0,0.2918,95.98,2.02,69,0.05,0.06,ensemble-spread-v2,10,2.08
2026-07-26T16:19:47+00:00,KXHIGHTNOLA,KXHIGHTNOLA-26JUL27,2026-07-27,KXHIGHTNOLA-26JUL27-B99.5,between,99.0,100.0,0.0933,95.98,2.02,69,0.01,0.06,ensemble-spread-v2,10,2.08
2026-07-26T16:19:47+00:00,KXHIGHTNOLA,KXHIGHTNOLA-26JUL27,2026-07-27,KXHIGHTNOLA-26JUL27-T100,greater,100.0,,0.0126,95.98,2.02,69,0.01,0.04,ensemble-spread-v2,10,2.08
2026-07-26T16:19:47+00:00,KXLOWTNOLA,KXLOWTNOLA-26JUL27,2026-07-27,KXLOWTNOLA-26JUL27-T73,less,,73.0,0.0004,83.91,3.42,69,0.01,0.03,ensemble-spread-v2,10,2.08
2026-07-26T16:19:47+00:00,KXLOWTNOLA,KXLOWTNOLA-26JUL27,2026-07-27,KXLOWTNOLA-26JUL27-B73.5,between,73.0,74.0,0.0025,83.91,3.42,69,0.02,0.07,ensemble-spread-v2,10,2.08
2026-07-26T16:19:47+00:00,KXLOWTNOLA,KXLOWTNOLA-26JUL27,2026-07-27,KXLOWTNOLA-26JUL27-B75.5,between,75.0,76.0,0.0122,83.91,3.42,69,0.02,0.08,ensemble-spread-v2,10,2.08
2026-07-26T16:19:47+00:00,KXLOWTNOLA,KXLOWTNOLA-26JUL27,2026-07-27,KXLOWTNOLA-26JUL27-B77.5,between,77.0,78.0,0.0417,83.91,3.42,69,0.36,0.42,ensemble-spread-v2,10,2.08
2026-07-26T16:19:47+00:00,KXLOWTNOLA,KXLOWTNOLA-26JUL27,2026-07-27,KXLOWTNOLA-26JUL27-B79.5,between,79.0,80.0,0.1024,83.91,3.42,69,0.38,0.47,ensemble-spread-v2,10,2.08
2026-07-26T16:19:47+00:00,KXLOWTNOLA,KXLOWTNOLA-26JUL27,2026-07-27,KXLOWTNOLA-26JUL27-T80,greater,80.0,,0.8407,83.91,3.42,69,0.08,0.11,ensemble-spread-v2,10,2.08
2026-07-26T16:19:47+00:00,KXHIGHNY,KXHIGHNY-26JUL27,2026-07-27,KXHIGHNY-26JUL27-T81,less,,81.0,0.1599,82.48,1.99,70,0.12,0.13,ensemble-spread-v2,10,2.0
2026-07-26T16:19:47+00:00,KXHIGHNY,KXHIGHNY-26JUL27,2026-07-27,KXHIGHNY-26JUL27-B81.5,between,81.0,82.0,0.3451,82.48,1.99,70,0.32,0.33,ensemble-spread-v2,10,2.0
2026-07-26T16:19:47+00:00,KXHIGHNY,KXHIGHNY-26JUL27,2026-07-27,KXHIGHNY-26JUL27-B83.5,between,83.0,84.0,0.3411,82.48,1.99,70,0.33,0.34,ensemble-spread-v2,10,2.0
2026-07-26T16:19:47+00:00,KXHIGHNY,KXHIGHNY-26JUL27,2026-07-27,KXHIGHNY-26JUL27-B85.5,between,85.0,86.0,0.1325,82.48,1.99,70,0.12,0.13,ensemble-spread-v2,10,2.0
2026-07-26T16:19:47+00:00,KXHIGHNY,KXHIGHNY-26JUL27,2026-07-27,KXHIGHNY-26JUL27-B87.5,between,87.0,88.0,0.0201,82.48,1.99,70,0.01,0.03,ensemble-spread-v2,10,2.0
2026-07-26T16:19:47+00:00,KXHIGHNY,KXHIGHNY-26JUL27,2026-07-27,KXHIGHNY-26JUL27-T88,greater,88.0,,0.0012,82.48,1.99,70,0.01,0.03,ensemble-spread-v2,10,2.0
2026-07-26T16:19:47+00:00,KXLOWTNYC,KXLOWTNYC-26JUL27,2026-07-27,KXLOWTNYC-26JUL27-T63,less,,63.0,0.1079,68.86,5.14,69,0.02,0.05,ensemble-spread-v2,10,2.0
2026-07-26T16:19:47+00:00,KXLOWTNYC,KXLOWTNYC-26JUL27,2026-07-27,KXLOWTNYC-26JUL27-B63.5,between,63.0,64.0,0.0902,68.86,5.14,69,0.02,0.05,ensemble-spread-v2,10,2.0
2026-07-26T16:19:47+00:00,KXLOWTNYC,KXLOWTNYC-26JUL27,2026-07-27,KXLOWTNYC-26JUL27-B65.5,between,65.0,66.0,0.125,68.86,5.14,69,0.23,0.24,ensemble-spread-v2,10,2.0
2026-07-26T16:19:47+00:00,KXLOWTNYC,KXLOWTNYC-26JUL27,2026-07-27,KXLOWTNYC-26JUL27-B67.5,between,67.0,68.0,0.1491,68.86,5.14,69,0.21,0.36,ensemble-spread-v2,10,2.0
2026-07-26T16:19:47+00:00,KXLOWTNYC,KXLOWTNYC-26JUL27,2026-07-27,KXLOWTNYC-26JUL27-B69.5,between,69.0,70.0,0.1532,68.86,5.14,69,0.19,0.25,ensemble-spread-v2,10,2.0
2026-07-26T16:19:47+00:00,KXLOWTNYC,KXLOWTNYC-26JUL27,2026-07-27,KXLOWTNYC-26JUL27-T70,greater,70.0,,0.3746,68.86,5.14,69,0.15,0.18,ensemble-spread-v2,10,2.0
2026-07-26T16:19:47+00:00,KXHIGHTOKC,KXHIGHTOKC-26JUL27,2026-07-27,KXHIGHTOKC-26JUL27-T99,less,,99.0,0.0283,102.84,2.27,69,0.06,0.07,ensemble-spread-v2,10,1.74
2026-07-26T16:19:47+00:00,KXHIGHTOKC,KXHIGHTOKC-26JUL27,2026-07-27,KXHIGHTOKC-26JUL27-B99.5,between,99.0,100.0,0.1238,102.84,2.27,69,0.2,0.21,ensemble-spread-v2,10,1.74
2026-07-26T16:19:47+00:00,KXHIGHTOKC,KXHIGHTOKC-26JUL27,2026-07-27,KXHIGHTOKC-26JUL27-B101.5,between,101.0,102.0,0.2891,102.84,2.27,69,0.48,0.49,ensemble-spread-v2,10,1.74
2026-07-26T16:19:47+00:00,KXHIGHTOKC,KXHIGHTOKC-26JUL27,2026-07-27,KXHIGHTOKC-26JUL27-B103.5,between,103.0,104.0,0.3266,102.84,2.27,69,0.15,0.17,ensemble-spread-v2,10,1.74
2026-07-26T16:19:47+00:00,KXHIGHTOKC,KXHIGHTOKC-26JUL27,2026-07-27,KXHIGHTOKC-26JUL27-B105.5,between,105.0,106.0,0.1787,102.84,2.27,69,0.02,0.03,ensemble-spread-v2,10,1.74
2026-07-26T16:19:47+00:00,KXHIGHTOKC,KXHIGHTOKC-26JUL27,2026-07-27,KXHIGHTOKC-26JUL27-T106,greater,106.0,,0.0536,102.84,2.27,69,0.01,0.02,ensemble-spread-v2,10,1.74
2026-07-26T16:19:47+00:00,KXLOWTOKC,KXLOWTOKC-26JUL27,2026-07-27,KXLOWTOKC-26JUL27-T71,less,,71.0,0.0036,84.94,5.38,69,0.02,0.04,ensemble-spread-v2,10,1.74
2026-07-26T16:19:47+00:00,KXLOWTOKC,KXLOWTOKC-26JUL27,2026-07-27,KXLOWTOKC-26JUL27-B71.5,between,71.0,72.0,0.0068,84.94,5.38,69,0.02,0.07,ensemble-spread-v2,10,1.74
2026-07-26T16:19:47+00:00,KXLOWTOKC,KXLOWTOKC-26JUL27,2026-07-27,KXLOWTOKC-26JUL27-B73.5,between,73.0,74.0,0.0158,84.94,5.38,69,0.13,0.14,ensemble-spread-v2,10,1.74
2026-07-26T16:19:47+00:00,KXLOWTOKC,KXLOWTOKC-26JUL27,2026-07-27,KXLOWTOKC-26JUL27-B75.5,between,75.0,76.0,0.0322,84.94,5.38,69,0.51,0.54,ensemble-spread-v2,10,1.74
2026-07-26T16:19:47+00:00,KXLOWTOKC,KXLOWTOKC-26JUL27,2026-07-27,KXLOWTOKC-26JUL27-B77.5,between,77.0,78.0,0.0573,84.94,5.38,69,0.21,0.28,ensemble-spread-v2,10,1.74
2026-07-26T16:19:47+00:00,KXLOWTOKC,KXLOWTOKC-26JUL27,2026-07-27,KXLOWTOKC-26JUL27-T78,greater,78.0,,0.8842,84.94,5.38,69,0.08,0.11,ensemble-spread-v2,10,1.74
2026-07-26T16:19:47+00:00,KXHIGHPHIL,KXHIGHPHIL-26JUL27,2026-07-27,KXHIGHPHIL-26JUL27-T83,less,,83.0,0.0095,86.52,1.71,69,0.14,0.15,ensemble-spread-v2,10,1.89
2026-07-26T16:19:47+00:00,KXHIGHPHIL,KXHIGHPHIL-26JUL27,2026-07-27,KXHIGHPHIL-26JUL27-B83.5,between,83.0,84.0,0.1096,86.52,1.71,69,0.17,0.18,ensemble-spread-v2,10,1.89
2026-07-26T16:19:47+00:00,KXHIGHPHIL,KXHIGHPHIL-26JUL27,2026-07-27,KXHIGHPHIL-26JUL27-B85.5,between,85.0,86.0,0.3758,86.52,1.71,69,0.4,0.41,ensemble-spread-v2,10,1.89
2026-07-26T16:19:47+00:00,KXHIGHPHIL,KXHIGHPHIL-26JUL27,2026-07-27,KXHIGHPHIL-26JUL27-B87.5,between,87.0,88.0,0.3809,86.52,1.71,69,0.16,0.19,ensemble-spread-v2,10,1.89
2026-07-26T16:19:47+00:00,KXHIGHPHIL,KXHIGHPHIL-26JUL27,2026-07-27,KXHIGHPHIL-26JUL27-B89.5,between,89.0,90.0,0.1141,86.52,1.71,69,0.04,0.09,ensemble-spread-v2,10,1.89
2026-07-26T16:19:47+00:00,KXHIGHPHIL,KXHIGHPHIL-26JUL27,2026-07-27,KXHIGHPHIL-26JUL27-T90,greater,90.0,,0.0101,86.52,1.71,69,0.01,0.03,ensemble-spread-v2,10,1.89
2026-07-26T16:19:47+00:00,KXLOWTPHIL,KXLOWTPHIL-26JUL27,2026-07-27,KXLOWTPHIL-26JUL27-T61,less,,61.0,0.0322,70.48,5.4,69,0.01,0.05,ensemble-spread-v2,10,1.89
2026-07-26T16:19:47+00:00,KXLOWTPHIL,KXLOWTPHIL-26JUL27,2026-07-27,KXLOWTPHIL-26JUL27-B61.5,between,61.0,62.0,0.0374,70.48,5.4,69,0.02,0.07,ensemble-spread-v2,10,1.89
2026-07-26T16:19:47+00:00,KXLOWTPHIL,KXLOWTPHIL-26JUL27,2026-07-27,KXLOWTPHIL-26JUL27-B63.5,between,63.0,64.0,0.0643,70.48,5.4,69,0.02,0.07,ensemble-spread-v2,10,1.89
2026-07-26T16:19:47+00:00,KXLOWTPHIL,KXLOWTPHIL-26JUL27,2026-07-27,KXLOWTPHIL-26JUL27-B65.5,between,65.0,66.0,0.0964,70.48,5.4,69,0.02,0.07,ensemble-spread-v2,10,1.89
2026-07-26T16:19:47+00:00,KXLOWTPHIL,KXLOWTPHIL-26JUL27,2026-07-27,KXLOWTPHIL-26JUL27-B67.5,between,67.0,68.0,0.1263,70.48,5.4,69,0.3,0.32,ensemble-spread-v2,10,1.89
2026-07-26T16:19:47+00:00,KXLOWTPHIL,KXLOWTPHIL-26JUL27,2026-07-27,KXLOWTPHIL-26JUL27-T68,greater,68.0,,0.6433,70.48,5.4,69,0.53,0.59,ensemble-spread-v2,10,1.89
2026-07-26T16:19:47+00:00,KXHIGHTPHX,KXHIGHTPHX-26JUL27,2026-07-27,KXHIGHTPHX-26JUL27-T107,less,,107.0,0.0003,110.86,1.27,69,0.02,0.05,ensemble-spread-v2,10,1.9
2026-07-26T16:19:47+00:00,KXHIGHTPHX,KXHIGHTPHX-26JUL27,2026-07-27,KXHIGHTPHX-26JUL27-B107.5,between,107.0,108.0,0.0311,110.86,1.27,69,0.07,0.08,ensemble-spread-v2,10,1.9
2026-07-26T16:19:47+00:00,KXHIGHTPHX,KXHIGHTPHX-26JUL27,2026-07-27,KXHIGHTPHX-26JUL27-B109.5,between,109.0,110.0,0.3568,110.86,1.27,69,0.27,0.28,ensemble-spread-v2,10,1.9
2026-07-26T16:19:47+00:00,KXHIGHTPHX,KXHIGHTPHX-26JUL27,2026-07-27,KXHIGHTPHX-26JUL27-B111.5,between,111.0,112.0,0.5137,110.86,1.27,69,0.37,0.38,ensemble-spread-v2,10,1.9
2026-07-26T16:19:47+00:00,KXHIGHTPHX,KXHIGHTPHX-26JUL27,2026-07-27,KXHIGHTPHX-26JUL27-B113.5,between,113.0,114.0,0.0961,110.86,1.27,69,0.15,0.16,ensemble-spread-v2,10,1.9
2026-07-26T16:19:47+00:00,KXHIGHTPHX,KXHIGHTPHX-26JUL27,2026-07-27,KXHIGHTPHX-26JUL27-T114,greater,114.0,,0.0021,110.86,1.27,69,0.01,0.03,ensemble-spread-v2,10,1.9
2026-07-26T16:19:47+00:00,KXLOWTPHX,KXLOWTPHX-26JUL27,2026-07-27,KXLOWTPHX-26JUL27-T85,less,,85.0,0.067,90.76,4.18,69,0.01,0.04,ensemble-spread-v2,10,1.9
2026-07-26T16:19:47+00:00,KXLOWTPHX,KXLOWTPHX-26JUL27,2026-07-27,KXLOWTPHX-26JUL27-B85.5,between,85.0,86.0,0.0869,90.76,4.18,69,0.02,0.04,ensemble-spread-v2,10,1.9
2026-07-26T16:19:47+00:00,KXLOWTPHX,KXLOWTPHX-26JUL27,2026-07-27,KXLOWTPHX-26JUL27-B87.5,between,87.0,88.0,0.1403,90.76,4.18,69,0.08,0.09,ensemble-spread-v2,10,1.9
2026-07-26T16:19:47+00:00,KXLOWTPHX,KXLOWTPHX-26JUL27,2026-07-27,KXLOWTPHX-26JUL27-B89.5,between,89.0,90.0,0.1809,90.76,4.18,69,0.1,0.11,ensemble-spread-v2,10,1.9
2026-07-26T16:19:47+00:00,KXLOWTPHX,KXLOWTPHX-26JUL27,2026-07-27,KXLOWTPHX-26JUL27-B91.5,between,91.0,92.0,0.1863,90.76,4.18,69,0.14,0.18,ensemble-spread-v2,10,1.9
2026-07-26T16:19:47+00:00,KXLOWTPHX,KXLOWTPHX-26JUL27,2026-07-27,KXLOWTPHX-26JUL27-T92,greater,92.0,,0.3385,90.76,4.18,69,0.64,0.65,ensemble-spread-v2,10,1.9
2026-07-26T16:19:47+00:00,KXHIGHTSATX,KXHIGHTSATX-26JUL27,2026-07-27,KXHIGHTSATX-26JUL27-T96,less,,96.0,0.2101,97.02,1.89,69,0.08,0.09,ensemble-spread-v2,10,0.94
2026-07-26T16:19:47+00:00,KXHIGHTSATX,KXHIGHTSATX-26JUL27,2026-07-27,KXHIGHTSATX-26JUL27-B96.5,between,96.0,97.0,0.3897,97.02,1.89,69,0.4,0.43,ensemble-spread-v2,10,0.94
2026-07-26T16:19:47+00:00,KXHIGHTSATX,KXHIGHTSATX-26JUL27,2026-07-27,KXHIGHTSATX-26JUL27-B98.5,between,98.0,99.0,0.3054,97.02,1.89,69,0.42,0.43,ensemble-spread-v2,10,0.94
2026-07-26T16:19:47+00:00,KXHIGHTSATX,KXHIGHTSATX-26JUL27,2026-07-27,KXHIGHTSATX-26JUL27-B100.5,between,100.0,101.0,0.0859,97.02,1.89,69,0.07,0.09,ensemble-spread-v2,10,0.94
2026-07-26T16:19:47+00:00,KXHIGHTSATX,KXHIGHTSATX-26JUL27,2026-07-27,KXHIGHTSATX-26JUL27-B102.5,between,102.0,103.0,0.0086,97.02,1.89,69,0.02,0.05,ensemble-spread-v2,10,0.94
2026-07-26T16:19:47+00:00,KXHIGHTSATX,KXHIGHTSATX-26JUL27,2026-07-27,KXHIGHTSATX-26JUL27-T103,greater,103.0,,0.0003,97.02,1.89,69,0.01,0.03,ensemble-spread-v2,10,0.94
2026-07-26T16:19:47+00:00,KXLOWTSATX,KXLOWTSATX-26JUL27,2026-07-27,KXLOWTSATX-26JUL27-T70,less,,70.0,0.0011,82.52,4.25,68,0.02,0.07,ensemble-spread-v2,10,0.94
2026-07-26T16:19:47+00:00,KXLOWTSATX,KXLOWTSATX-26JUL27,2026-07-27,KXLOWTSATX-26JUL27-B70.5,between,70.0,71.0,0.0037,82.52,4.25,68,0.02,0.06,ensemble-spread-v2,10,0.94
2026-07-26T16:19:47+00:00,KXLOWTSATX,KXLOWTSATX-26JUL27,2026-07-27,KXLOWTSATX-26JUL27-B72.5,between,72.0,73.0,0.0122,82.52,4.25,68,0.13,0.15,ensemble-spread-v2,10,0.94
2026-07-26T16:19:47+00:00,KXLOWTSATX,KXLOWTSATX-26JUL27,2026-07-27,KXLOWTSATX-26JUL27-B74.5,between,74.0,75.0,0.0324,82.52,4.25,68,0.21,0.25,ensemble-spread-v2,10,0.94
2026-07-26T16:19:47+00:00,KXLOWTSATX,KXLOWTSATX-26JUL27,2026-07-27,KXLOWTSATX-26JUL27-B76.5,between,76.0,77.0,0.0695,82.52,4.25,68,0.44,0.52,ensemble-spread-v2,10,0.94
2026-07-26T16:19:47+00:00,KXLOWTSATX,KXLOWTSATX-26JUL27,2026-07-27,KXLOWTSATX-26JUL27-T77,greater,77.0,,0.8812,82.52,4.25,68,0.03,0.07,ensemble-spread-v2,10,0.94
2026-07-26T16:19:47+00:00,KXHIGHTSEA,KXHIGHTSEA-26JUL27,2026-07-27,KXHIGHTSEA-26JUL27-T76,less,,76.0,0.1443,77.65,2.03,69,0.15,0.18,ensemble-spread-v2,10,1.82
2026-07-26T16:19:47+00:00,KXHIGHTSEA,KXHIGHTSEA-26JUL27,2026-07-27,KXHIGHTSEA-26JUL27-B76.5,between,76.0,77.0,0.326,77.65,2.03,69,0.28,0.29,ensemble-spread-v2,10,1.82
2026-07-26T16:19:47+00:00,KXHIGHTSEA,KXHIGHTSEA-26JUL27,2026-07-27,KXHIGHTSEA-26JUL27-B78.5,between,78.0,79.0,0.3488,77.65,2.03,69,0.33,0.41,ensemble-spread-v2,10,1.82
2026-07-26T16:19:47+00:00,KXHIGHTSEA,KXHIGHTSEA-26JUL27,2026-07-27,KXHIGHTSEA-26JUL27-B80.5,between,80.0,81.0,0.152,77.65,2.03,69,0.12,0.13,ensemble-spread-v2,10,1.82
2026-07-26T16:19:47+00:00,KXHIGHTSEA,KXHIGHTSEA-26JUL27,2026-07-27,KXHIGHTSEA-26JUL27-B82.5,between,82.0,83.0,0.0268,77.65,2.03,69,0.03,0.04,ensemble-spread-v2,10,1.82
2026-07-26T16:19:47+00:00,KXHIGHTSEA,KXHIGHTSEA-26JUL27,2026-07-27,KXHIGHTSEA-26JUL27-T83,greater,83.0,,0.002,77.65,2.03,69,0.01,0.02,ensemble-spread-v2,10,1.82
2026-07-26T16:19:47+00:00,KXLOWTSEA,KXLOWTSEA-26JUL27,2026-07-27,KXLOWTSEA-26JUL27-T51,less,,51.0,0.0246,60.31,4.99,69,0.0,0.02,ensemble-spread-v2,10,1.82
2026-07-26T16:19:47+00:00,KXLOWTSEA,KXLOWTSEA-26JUL27,2026-07-27,KXLOWTSEA-26JUL27-B51.5,between,51.0,52.0,0.0341,60.31,4.99,69,0.01,0.05,ensemble-spread-v2,10,1.82
2026-07-26T16:19:47+00:00,KXLOWTSEA,KXLOWTSEA-26JUL27,2026-07-27,KXLOWTSEA-26JUL27-B53.5,between,53.0,54.0,0.0634,60.31,4.99,69,0.01,0.05,ensemble-spread-v2,10,1.82
2026-07-26T16:19:47+00:00,KXLOWTSEA,KXLOWTSEA-26JUL27,2026-07-27,KXLOWTSEA-26JUL27-B55.5,between,55.0,56.0,0.1005,60.31,4.99,69,0.15,0.23,ensemble-spread-v2,10,1.82
2026-07-26T16:19:47+00:00,KXLOWTSEA,KXLOWTSEA-26JUL27,2026-07-27,KXLOWTSEA-26JUL27-B57.5,between,57.0,58.0,0.1359,60.31,4.99,69,0.42,0.45,ensemble-spread-v2,10,1.82
2026-07-26T16:19:47+00:00,KXLOWTSEA,KXLOWTSEA-26JUL27,2026-07-27,KXLOWTSEA-26JUL27-T58,greater,58.0,,0.6416,60.31,4.99,69,0.32,0.39,ensemble-spread-v2,10,1.82
2026-07-26T16:19:47+00:00,KXHIGHTSFO,KXHIGHTSFO-26JUL27,2026-07-27,KXHIGHTSFO-26JUL27-T68,less,,68.0,0.1328,69.71,1.99,69,0.18,0.19,ensemble-spread-v2,10,2.37
2026-07-26T16:19:47+00:00,KXHIGHTSFO,KXHIGHTSFO-26JUL27,2026-07-27,KXHIGHTSFO-26JUL27-B68.5,between,68.0,69.0,0.3247,69.71,1.99,69,0.22,0.28,ensemble-spread-v2,10,2.37
2026-07-26T16:19:47+00:00,KXHIGHTSFO,KXHIGHTSFO-26JUL27,2026-07-27,KXHIGHTSFO-26JUL27-B70.5,between,70.0,71.0,0.3584,69.71,1.99,69,0.3,0.32,ensemble-spread-v2,10,2.37
2026-07-26T16:19:47+00:00,KXHIGHTSFO,KXHIGHTSFO-26JUL27,2026-07-27,KXHIGHTSFO-26JUL27-B72.5,between,72.0,73.0,0.1558,69.71,1.99,69,0.17,0.2,ensemble-spread-v2,10,2.37
2026-07-26T16:19:47+00:00,KXHIGHTSFO,KXHIGHTSFO-26JUL27,2026-07-27,KXHIGHTSFO-26JUL27-B74.5,between,74.0,75.0,0.0265,69.71,1.99,69,0.03,0.04,ensemble-spread-v2,10,2.37
2026-07-26T16:19:47+00:00,KXHIGHTSFO,KXHIGHTSFO-26JUL27,2026-07-27,KXHIGHTSFO-26JUL27-T75,greater,75.0,,0.0018,69.71,1.99,69,0.02,0.03,ensemble-spread-v2,10,2.37
2026-07-26T16:19:47+00:00,KXLOWTSFO,KXLOWTSFO-26JUL27,2026-07-27,KXLOWTSFO-26JUL27-T52,less,,52.0,0.1355,56.2,4.27,68,0.0,0.02,ensemble-spread-v2,10,2.37
2026-07-26T16:19:47+00:00,KXLOWTSFO,KXLOWTSFO-26JUL27,2026-07-27,KXLOWTSFO-26JUL27-B52.5,between,52.0,53.0,0.1282,56.2,4.27,68,0.01,0.04,ensemble-spread-v2,10,2.37
2026-07-26T16:19:47+00:00,KXLOWTSFO,KXLOWTSFO-26JUL27,2026-07-27,KXLOWTSFO-26JUL27-B54.5,between,54.0,55.0,0.1714,56.2,4.27,68,0.08,0.09,ensemble-spread-v2,10,2.37
2026-07-26T16:19:47+00:00,KXLOWTSFO,KXLOWTSFO-26JUL27,2026-07-27,KXLOWTSFO-26JUL27-B56.5,between,56.0,57.0,0.1848,56.2,4.27,68,0.05,0.1,ensemble-spread-v2,10,2.37
2026-07-26T16:19:47+00:00,KXLOWTSFO,KXLOWTSFO-26JUL27,2026-07-27,KXLOWTSFO-26JUL27-B58.5,between,58.0,59.0,0.1606,56.2,4.27,68,0.63,0.65,ensemble-spread-v2,10,2.37
2026-07-26T16:19:47+00:00,KXLOWTSFO,KXLOWTSFO-26JUL27,2026-07-27,KXLOWTSFO-26JUL27-T59,greater,59.0,,0.2195,56.2,4.27,68,0.24,0.26,ensemble-spread-v2,10,2.37
